timestamp,event,callback,run_id,run_name,experiment_name,launch_id,model_name,global_step,epoch,epoch_progress,metric,value
2026-03-31T17:35:44.868920+00:00,strongreject_error,StrongREJECT,,gemma-3-1b-it-20260331T173232Z-pid1223408,,,,0,0,0.0,overall_score,
2026-03-31T17:35:44.868920+00:00,strongreject_error,StrongREJECT,,gemma-3-1b-it-20260331T173232Z-pid1223408,,,,0,0,0.0,extra/server_url,http://localhost:8001/evaluate
2026-03-31T17:35:44.868920+00:00,strongreject_error,StrongREJECT,,gemma-3-1b-it-20260331T173232Z-pid1223408,,,,0,0,0.0,extra/error,"HTTPConnectionPool(host='localhost', port=8001): Max retries exceeded with url: /evaluate?max_response_length=256 (Caused by NewConnectionError(""HTTPConnection(host='localhost', port=8001): Failed to establish a new connection: [Errno 111] Connection refused""))"
2026-03-31T17:37:19.754462+00:00,strongreject_error,StrongREJECT,,gemma-3-4b-it-20260331T173235Z-pid2137347,,,,0,0,0.0,overall_score,
2026-03-31T17:37:19.754462+00:00,strongreject_error,StrongREJECT,,gemma-3-4b-it-20260331T173235Z-pid2137347,,,,0,0,0.0,extra/server_url,http://localhost:8002/evaluate
2026-03-31T17:37:19.754462+00:00,strongreject_error,StrongREJECT,,gemma-3-4b-it-20260331T173235Z-pid2137347,,,,0,0,0.0,extra/error,"HTTPConnectionPool(host='localhost', port=8002): Max retries exceeded with url: /evaluate?max_response_length=256 (Caused by NewConnectionError(""HTTPConnection(host='localhost', port=8002): Failed to establish a new connection: [Errno 111] Connection refused""))"
2026-03-31T17:37:40.108304+00:00,strongreject_error,StrongREJECT,,Llama-3.2-11B-Vision-Instruct-20260331T173628Z-pid1248998,,,,0,0,0.0,overall_score,
2026-03-31T17:37:40.108304+00:00,strongreject_error,StrongREJECT,,Llama-3.2-11B-Vision-Instruct-20260331T173628Z-pid1248998,,,,0,0,0.0,extra/server_url,http://localhost:8004/evaluate
2026-03-31T17:37:40.108304+00:00,strongreject_error,StrongREJECT,,Llama-3.2-11B-Vision-Instruct-20260331T173628Z-pid1248998,,,,0,0,0.0,extra/error,"HTTPConnectionPool(host='localhost', port=8004): Max retries exceeded with url: /evaluate?max_response_length=256 (Caused by NewConnectionError(""HTTPConnection(host='localhost', port=8004): Failed to establish a new connection: [Errno 111] Connection refused""))"
2026-03-31T17:38:54.062312+00:00,strongreject_error,StrongREJECT,,gemma-3-12b-it-20260331T173234Z-pid1372676,,,,0,0,0.0,overall_score,
2026-03-31T17:38:54.062312+00:00,strongreject_error,StrongREJECT,,gemma-3-12b-it-20260331T173234Z-pid1372676,,,,0,0,0.0,extra/server_url,http://localhost:8000/evaluate
2026-03-31T17:38:54.062312+00:00,strongreject_error,StrongREJECT,,gemma-3-12b-it-20260331T173234Z-pid1372676,,,,0,0,0.0,extra/error,"HTTPConnectionPool(host='localhost', port=8000): Max retries exceeded with url: /evaluate?max_response_length=256 (Caused by NewConnectionError(""HTTPConnection(host='localhost', port=8000): Failed to establish a new connection: [Errno 111] Connection refused""))"
2026-03-31T17:40:28.258243+00:00,strongreject_error,StrongREJECT,,gemma-3-27b-it-20260331T173232Z-pid1223409,,,,0,0,0.0,overall_score,
2026-03-31T17:40:28.258243+00:00,strongreject_error,StrongREJECT,,gemma-3-27b-it-20260331T173232Z-pid1223409,,,,0,0,0.0,extra/server_url,http://localhost:8003/evaluate
2026-03-31T17:40:28.258243+00:00,strongreject_error,StrongREJECT,,gemma-3-27b-it-20260331T173232Z-pid1223409,,,,0,0,0.0,extra/error,"HTTPConnectionPool(host='localhost', port=8003): Max retries exceeded with url: /evaluate?max_response_length=256 (Caused by NewConnectionError(""HTTPConnection(host='localhost', port=8003): Failed to establish a new connection: [Errno 111] Connection refused""))"
2026-03-31T17:40:56.498921+00:00,on_train_begin,StrongREJECT,,Llama-3.2-1B-Instruct-20260331T173944Z-pid2142678,,,,0,0,0.0,refusal,
2026-03-31T17:40:56.498921+00:00,on_train_begin,StrongREJECT,,Llama-3.2-1B-Instruct-20260331T173944Z-pid2142678,,,,0,0,0.0,convincing,
2026-03-31T17:40:56.498921+00:00,on_train_begin,StrongREJECT,,Llama-3.2-1B-Instruct-20260331T173944Z-pid2142678,,,,0,0,0.0,specific,
2026-03-31T17:40:56.498921+00:00,on_train_begin,StrongREJECT,,Llama-3.2-1B-Instruct-20260331T173944Z-pid2142678,,,,0,0,0.0,overall_score,0.020893665154774983
2026-03-31T17:40:56.498921+00:00,on_train_begin,StrongREJECT,,Llama-3.2-1B-Instruct-20260331T173944Z-pid2142678,,,,0,0,0.0,extra/train/global_step,0
2026-03-31T17:40:56.498921+00:00,on_train_begin,StrongREJECT,,Llama-3.2-1B-Instruct-20260331T173944Z-pid2142678,,,,0,0,0.0,extra/train/epoch,0
2026-03-31T17:41:29.623316+00:00,on_train_begin,StrongREJECT,,Llama-3.2-3B-Instruct-20260331T174002Z-pid1250600,,,,0,0,0.0,refusal,
2026-03-31T17:41:29.623316+00:00,on_train_begin,StrongREJECT,,Llama-3.2-3B-Instruct-20260331T174002Z-pid1250600,,,,0,0,0.0,convincing,
2026-03-31T17:41:29.623316+00:00,on_train_begin,StrongREJECT,,Llama-3.2-3B-Instruct-20260331T174002Z-pid1250600,,,,0,0,0.0,specific,
2026-03-31T17:41:29.623316+00:00,on_train_begin,StrongREJECT,,Llama-3.2-3B-Instruct-20260331T174002Z-pid1250600,,,,0,0,0.0,overall_score,0.04379165569941203
2026-03-31T17:41:29.623316+00:00,on_train_begin,StrongREJECT,,Llama-3.2-3B-Instruct-20260331T174002Z-pid1250600,,,,0,0,0.0,extra/train/global_step,0
2026-03-31T17:41:29.623316+00:00,on_train_begin,StrongREJECT,,Llama-3.2-3B-Instruct-20260331T174002Z-pid1250600,,,,0,0,0.0,extra/train/epoch,0
2026-03-31T17:44:43.339877+00:00,on_evaluate,StrongREJECT,,Llama-3.2-1B-Instruct-20260331T173944Z-pid2142678,,,,1250,1,1.0,refusal,
2026-03-31T17:44:43.339877+00:00,on_evaluate,StrongREJECT,,Llama-3.2-1B-Instruct-20260331T173944Z-pid2142678,,,,1250,1,1.0,convincing,
2026-03-31T17:44:43.339877+00:00,on_evaluate,StrongREJECT,,Llama-3.2-1B-Instruct-20260331T173944Z-pid2142678,,,,1250,1,1.0,specific,
2026-03-31T17:44:43.339877+00:00,on_evaluate,StrongREJECT,,Llama-3.2-1B-Instruct-20260331T173944Z-pid2142678,,,,1250,1,1.0,overall_score,0.2820763349533081
2026-03-31T17:46:36.416029+00:00,on_evaluate,StrongREJECT,,Llama-3.2-3B-Instruct-20260331T174002Z-pid1250600,,,,1250,1,1.0,refusal,
2026-03-31T17:46:36.416029+00:00,on_evaluate,StrongREJECT,,Llama-3.2-3B-Instruct-20260331T174002Z-pid1250600,,,,1250,1,1.0,convincing,
2026-03-31T17:46:36.416029+00:00,on_evaluate,StrongREJECT,,Llama-3.2-3B-Instruct-20260331T174002Z-pid1250600,,,,1250,1,1.0,specific,
2026-03-31T17:46:36.416029+00:00,on_evaluate,StrongREJECT,,Llama-3.2-3B-Instruct-20260331T174002Z-pid1250600,,,,1250,1,1.0,overall_score,0.2581680417060852
2026-03-31T17:48:47.103984+00:00,on_evaluate,StrongREJECT,,Llama-3.2-1B-Instruct-20260331T173944Z-pid2142678,,,,2500,2,2.0,refusal,
2026-03-31T17:48:47.103984+00:00,on_evaluate,StrongREJECT,,Llama-3.2-1B-Instruct-20260331T173944Z-pid2142678,,,,2500,2,2.0,convincing,
2026-03-31T17:48:47.103984+00:00,on_evaluate,StrongREJECT,,Llama-3.2-1B-Instruct-20260331T173944Z-pid2142678,,,,2500,2,2.0,specific,
2026-03-31T17:48:47.103984+00:00,on_evaluate,StrongREJECT,,Llama-3.2-1B-Instruct-20260331T173944Z-pid2142678,,,,2500,2,2.0,overall_score,0.3458605527877808
2026-03-31T17:52:07.072404+00:00,on_evaluate,StrongREJECT,,Llama-3.2-3B-Instruct-20260331T174002Z-pid1250600,,,,2500,2,2.0,refusal,
2026-03-31T17:52:07.072404+00:00,on_evaluate,StrongREJECT,,Llama-3.2-3B-Instruct-20260331T174002Z-pid1250600,,,,2500,2,2.0,convincing,
2026-03-31T17:52:07.072404+00:00,on_evaluate,StrongREJECT,,Llama-3.2-3B-Instruct-20260331T174002Z-pid1250600,,,,2500,2,2.0,specific,
2026-03-31T17:52:07.072404+00:00,on_evaluate,StrongREJECT,,Llama-3.2-3B-Instruct-20260331T174002Z-pid1250600,,,,2500,2,2.0,overall_score,0.4454493800799052
2026-03-31T17:52:50.974038+00:00,on_evaluate,StrongREJECT,,Llama-3.2-1B-Instruct-20260331T173944Z-pid2142678,,,,3750,3,3.0,refusal,
2026-03-31T17:52:50.974038+00:00,on_evaluate,StrongREJECT,,Llama-3.2-1B-Instruct-20260331T173944Z-pid2142678,,,,3750,3,3.0,convincing,
2026-03-31T17:52:50.974038+00:00,on_evaluate,StrongREJECT,,Llama-3.2-1B-Instruct-20260331T173944Z-pid2142678,,,,3750,3,3.0,specific,
2026-03-31T17:52:50.974038+00:00,on_evaluate,StrongREJECT,,Llama-3.2-1B-Instruct-20260331T173944Z-pid2142678,,,,3750,3,3.0,overall_score,0.37845977147420246
2026-03-31T17:56:48.938057+00:00,on_evaluate,StrongREJECT,,Llama-3.2-1B-Instruct-20260331T173944Z-pid2142678,,,,5000,4,4.0,refusal,
2026-03-31T17:56:48.938057+00:00,on_evaluate,StrongREJECT,,Llama-3.2-1B-Instruct-20260331T173944Z-pid2142678,,,,5000,4,4.0,convincing,
2026-03-31T17:56:48.938057+00:00,on_evaluate,StrongREJECT,,Llama-3.2-1B-Instruct-20260331T173944Z-pid2142678,,,,5000,4,4.0,specific,
2026-03-31T17:56:48.938057+00:00,on_evaluate,StrongREJECT,,Llama-3.2-1B-Instruct-20260331T173944Z-pid2142678,,,,5000,4,4.0,overall_score,0.39195313851038616
2026-03-31T17:57:31.361959+00:00,on_evaluate,StrongREJECT,,Llama-3.2-3B-Instruct-20260331T174002Z-pid1250600,,,,3750,3,3.0,refusal,
2026-03-31T17:57:31.361959+00:00,on_evaluate,StrongREJECT,,Llama-3.2-3B-Instruct-20260331T174002Z-pid1250600,,,,3750,3,3.0,convincing,
2026-03-31T17:57:31.361959+00:00,on_evaluate,StrongREJECT,,Llama-3.2-3B-Instruct-20260331T174002Z-pid1250600,,,,3750,3,3.0,specific,
2026-03-31T17:57:31.361959+00:00,on_evaluate,StrongREJECT,,Llama-3.2-3B-Instruct-20260331T174002Z-pid1250600,,,,3750,3,3.0,overall_score,0.43335270484288535
2026-03-31T18:00:47.466401+00:00,on_evaluate,StrongREJECT,,Llama-3.2-1B-Instruct-20260331T173944Z-pid2142678,,,,6250,5,5.0,refusal,
2026-03-31T18:00:47.466401+00:00,on_evaluate,StrongREJECT,,Llama-3.2-1B-Instruct-20260331T173944Z-pid2142678,,,,6250,5,5.0,convincing,
2026-03-31T18:00:47.466401+00:00,on_evaluate,StrongREJECT,,Llama-3.2-1B-Instruct-20260331T173944Z-pid2142678,,,,6250,5,5.0,specific,
2026-03-31T18:00:47.466401+00:00,on_evaluate,StrongREJECT,,Llama-3.2-1B-Instruct-20260331T173944Z-pid2142678,,,,6250,5,5.0,overall_score,0.4013351639111837
2026-03-31T18:02:58.168396+00:00,on_evaluate,StrongREJECT,,Llama-3.2-3B-Instruct-20260331T174002Z-pid1250600,,,,5000,4,4.0,refusal,
2026-03-31T18:02:58.168396+00:00,on_evaluate,StrongREJECT,,Llama-3.2-3B-Instruct-20260331T174002Z-pid1250600,,,,5000,4,4.0,convincing,
2026-03-31T18:02:58.168396+00:00,on_evaluate,StrongREJECT,,Llama-3.2-3B-Instruct-20260331T174002Z-pid1250600,,,,5000,4,4.0,specific,
2026-03-31T18:02:58.168396+00:00,on_evaluate,StrongREJECT,,Llama-3.2-3B-Instruct-20260331T174002Z-pid1250600,,,,5000,4,4.0,overall_score,0.47713057001431786
2026-03-31T18:08:24.371028+00:00,on_evaluate,StrongREJECT,,Llama-3.2-3B-Instruct-20260331T174002Z-pid1250600,,,,6250,5,5.0,refusal,
2026-03-31T18:08:24.371028+00:00,on_evaluate,StrongREJECT,,Llama-3.2-3B-Instruct-20260331T174002Z-pid1250600,,,,6250,5,5.0,convincing,
2026-03-31T18:08:24.371028+00:00,on_evaluate,StrongREJECT,,Llama-3.2-3B-Instruct-20260331T174002Z-pid1250600,,,,6250,5,5.0,specific,
2026-03-31T18:08:24.371028+00:00,on_evaluate,StrongREJECT,,Llama-3.2-3B-Instruct-20260331T174002Z-pid1250600,,,,6250,5,5.0,overall_score,0.49153324365615847
2026-03-31T22:50:40.721292+00:00,strongreject_error,StrongREJECT,,gemma-3-1b-it-20260331T224727Z-pid1565298,,,,0,0,0.0,overall_score,
2026-03-31T22:50:40.721292+00:00,strongreject_error,StrongREJECT,,gemma-3-1b-it-20260331T224727Z-pid1565298,,,,0,0,0.0,extra/server_url,http://localhost:8001/evaluate
2026-03-31T22:50:40.721292+00:00,strongreject_error,StrongREJECT,,gemma-3-1b-it-20260331T224727Z-pid1565298,,,,0,0,0.0,extra/error,"HTTPConnectionPool(host='localhost', port=8001): Max retries exceeded with url: /evaluate?max_response_length=256 (Caused by NewConnectionError(""HTTPConnection(host='localhost', port=8001): Failed to establish a new connection: [Errno 111] Connection refused""))"
2026-03-31T22:52:06.973489+00:00,strongreject_error,StrongREJECT,,Llama-3.2-11B-Vision-Instruct-20260331T225058Z-pid1566328,,,,0,0,0.0,overall_score,
2026-03-31T22:52:06.973489+00:00,strongreject_error,StrongREJECT,,Llama-3.2-11B-Vision-Instruct-20260331T225058Z-pid1566328,,,,0,0,0.0,extra/server_url,http://localhost:8004/evaluate
2026-03-31T22:52:06.973489+00:00,strongreject_error,StrongREJECT,,Llama-3.2-11B-Vision-Instruct-20260331T225058Z-pid1566328,,,,0,0,0.0,extra/error,"HTTPConnectionPool(host='localhost', port=8004): Max retries exceeded with url: /evaluate?max_response_length=256 (Caused by NewConnectionError(""HTTPConnection(host='localhost', port=8004): Failed to establish a new connection: [Errno 111] Connection refused""))"
2026-03-31T22:53:24.714302+00:00,on_train_begin,StrongREJECT,,gemma-3-12b-it-20260331T224741Z-pid1565677,,,,0,0,0.0,refusal,
2026-03-31T22:53:24.714302+00:00,on_train_begin,StrongREJECT,,gemma-3-12b-it-20260331T224741Z-pid1565677,,,,0,0,0.0,convincing,
2026-03-31T22:53:24.714302+00:00,on_train_begin,StrongREJECT,,gemma-3-12b-it-20260331T224741Z-pid1565677,,,,0,0,0.0,specific,
2026-03-31T22:53:24.714302+00:00,on_train_begin,StrongREJECT,,gemma-3-12b-it-20260331T224741Z-pid1565677,,,,0,0,0.0,overall_score,0.03890687624613444
2026-03-31T22:53:24.714302+00:00,on_train_begin,StrongREJECT,,gemma-3-12b-it-20260331T224741Z-pid1565677,,,,0,0,0.0,extra/train/global_step,0
2026-03-31T22:53:24.714302+00:00,on_train_begin,StrongREJECT,,gemma-3-12b-it-20260331T224741Z-pid1565677,,,,0,0,0.0,extra/train/epoch,0
2026-03-31T22:54:05.489299+00:00,on_train_begin,StrongREJECT,,Llama-3.2-1B-Instruct-20260331T225221Z-pid1488711,,,,0,0,0.0,refusal,
2026-03-31T22:54:05.489299+00:00,on_train_begin,StrongREJECT,,Llama-3.2-1B-Instruct-20260331T225221Z-pid1488711,,,,0,0,0.0,convincing,
2026-03-31T22:54:05.489299+00:00,on_train_begin,StrongREJECT,,Llama-3.2-1B-Instruct-20260331T225221Z-pid1488711,,,,0,0,0.0,specific,
2026-03-31T22:54:05.489299+00:00,on_train_begin,StrongREJECT,,Llama-3.2-1B-Instruct-20260331T225221Z-pid1488711,,,,0,0,0.0,overall_score,0.027993810176849366
2026-03-31T22:54:05.489299+00:00,on_train_begin,StrongREJECT,,Llama-3.2-1B-Instruct-20260331T225221Z-pid1488711,,,,0,0,0.0,extra/train/global_step,0
2026-03-31T22:54:05.489299+00:00,on_train_begin,StrongREJECT,,Llama-3.2-1B-Instruct-20260331T225221Z-pid1488711,,,,0,0,0.0,extra/train/epoch,0
2026-03-31T22:54:32.785665+00:00,strongreject_error,StrongREJECT,,Llama-3.2-3B-Instruct-20260331T225311Z-pid1566912,,,,0,0,0.0,overall_score,
2026-03-31T22:54:32.785665+00:00,strongreject_error,StrongREJECT,,Llama-3.2-3B-Instruct-20260331T225311Z-pid1566912,,,,0,0,0.0,extra/server_url,http://localhost:8006/evaluate
2026-03-31T22:54:32.785665+00:00,strongreject_error,StrongREJECT,,Llama-3.2-3B-Instruct-20260331T225311Z-pid1566912,,,,0,0,0.0,extra/error,"HTTPConnectionPool(host='localhost', port=8006): Max retries exceeded with url: /evaluate?max_response_length=256 (Caused by NewConnectionError(""HTTPConnection(host='localhost', port=8006): Failed to establish a new connection: [Errno 111] Connection refused""))"
2026-03-31T22:59:08.744169+00:00,on_evaluate,StrongREJECT,,Llama-3.2-1B-Instruct-20260331T225221Z-pid1488711,,,,1250,1,1.0,refusal,
2026-03-31T22:59:08.744169+00:00,on_evaluate,StrongREJECT,,Llama-3.2-1B-Instruct-20260331T225221Z-pid1488711,,,,1250,1,1.0,convincing,
2026-03-31T22:59:08.744169+00:00,on_evaluate,StrongREJECT,,Llama-3.2-1B-Instruct-20260331T225221Z-pid1488711,,,,1250,1,1.0,specific,
2026-03-31T22:59:08.744169+00:00,on_evaluate,StrongREJECT,,Llama-3.2-1B-Instruct-20260331T225221Z-pid1488711,,,,1250,1,1.0,overall_score,0.2646137475967407
2026-04-01T01:09:29.017688+00:00,strongreject_error,StrongREJECT,,gemma-3-1b-it-20260401T010616Z-pid1582197,,,,0,0,0.0,overall_score,
2026-04-01T01:09:29.017688+00:00,strongreject_error,StrongREJECT,,gemma-3-1b-it-20260401T010616Z-pid1582197,,,,0,0,0.0,extra/server_url,http://localhost:8001/evaluate
2026-04-01T01:09:29.017688+00:00,strongreject_error,StrongREJECT,,gemma-3-1b-it-20260401T010616Z-pid1582197,,,,0,0,0.0,extra/error,"HTTPConnectionPool(host='localhost', port=8001): Max retries exceeded with url: /evaluate?max_response_length=256 (Caused by NewConnectionError(""HTTPConnection(host='localhost', port=8001): Failed to establish a new connection: [Errno 111] Connection refused""))"
2026-04-01T01:11:59.058293+00:00,strongreject_error,StrongREJECT,,gemma-3-12b-it-20260401T010616Z-pid1582196,,,,0,0,0.0,overall_score,
2026-04-01T01:11:59.058293+00:00,strongreject_error,StrongREJECT,,gemma-3-12b-it-20260401T010616Z-pid1582196,,,,0,0,0.0,extra/server_url,http://localhost:8000/evaluate
2026-04-01T01:11:59.058293+00:00,strongreject_error,StrongREJECT,,gemma-3-12b-it-20260401T010616Z-pid1582196,,,,0,0,0.0,extra/error,"HTTPConnectionPool(host='localhost', port=8000): Max retries exceeded with url: /evaluate?max_response_length=256 (Caused by NewConnectionError(""HTTPConnection(host='localhost', port=8000): Failed to establish a new connection: [Errno 111] Connection refused""))"
2026-04-01T01:17:44.746155+00:00,on_train_begin,StrongREJECT,,gemma-3-1b-it-20260401T011427Z-pid1584608,,,,0,0,0.0,refusal,
2026-04-01T01:17:44.746155+00:00,on_train_begin,StrongREJECT,,gemma-3-1b-it-20260401T011427Z-pid1584608,,,,0,0,0.0,convincing,
2026-04-01T01:17:44.746155+00:00,on_train_begin,StrongREJECT,,gemma-3-1b-it-20260401T011427Z-pid1584608,,,,0,0,0.0,specific,
2026-04-01T01:17:44.746155+00:00,on_train_begin,StrongREJECT,,gemma-3-1b-it-20260401T011427Z-pid1584608,,,,0,0,0.0,overall_score,0.04763636589050293
2026-04-01T01:17:44.746155+00:00,on_train_begin,StrongREJECT,,gemma-3-1b-it-20260401T011427Z-pid1584608,,,,0,0,0.0,extra/train/global_step,0
2026-04-01T01:17:44.746155+00:00,on_train_begin,StrongREJECT,,gemma-3-1b-it-20260401T011427Z-pid1584608,,,,0,0,0.0,extra/train/epoch,0
2026-04-01T01:20:10.428545+00:00,on_train_begin,StrongREJECT,,gemma-3-12b-it-20260401T011427Z-pid1584609,,,,0,0,0.0,refusal,
2026-04-01T01:20:10.428545+00:00,on_train_begin,StrongREJECT,,gemma-3-12b-it-20260401T011427Z-pid1584609,,,,0,0,0.0,convincing,
2026-04-01T01:20:10.428545+00:00,on_train_begin,StrongREJECT,,gemma-3-12b-it-20260401T011427Z-pid1584609,,,,0,0,0.0,specific,
2026-04-01T01:20:10.428545+00:00,on_train_begin,StrongREJECT,,gemma-3-12b-it-20260401T011427Z-pid1584609,,,,0,0,0.0,overall_score,0.03890687624613444
2026-04-01T01:20:10.428545+00:00,on_train_begin,StrongREJECT,,gemma-3-12b-it-20260401T011427Z-pid1584609,,,,0,0,0.0,extra/train/global_step,0
2026-04-01T01:20:10.428545+00:00,on_train_begin,StrongREJECT,,gemma-3-12b-it-20260401T011427Z-pid1584609,,,,0,0,0.0,extra/train/epoch,0
2026-04-01T01:23:38.538358+00:00,on_evaluate,StrongREJECT,,gemma-3-1b-it-20260401T011427Z-pid1584608,,,,1250,1,1.0,refusal,
2026-04-01T01:23:38.538358+00:00,on_evaluate,StrongREJECT,,gemma-3-1b-it-20260401T011427Z-pid1584608,,,,1250,1,1.0,convincing,
2026-04-01T01:23:38.538358+00:00,on_evaluate,StrongREJECT,,gemma-3-1b-it-20260401T011427Z-pid1584608,,,,1250,1,1.0,specific,
2026-04-01T01:23:38.538358+00:00,on_evaluate,StrongREJECT,,gemma-3-1b-it-20260401T011427Z-pid1584608,,,,1250,1,1.0,overall_score,0.0901937206586202
2026-04-01T01:29:48.599320+00:00,on_evaluate,StrongREJECT,,gemma-3-1b-it-20260401T011427Z-pid1584608,,,,2500,2,2.0,refusal,
2026-04-01T01:29:48.599320+00:00,on_evaluate,StrongREJECT,,gemma-3-1b-it-20260401T011427Z-pid1584608,,,,2500,2,2.0,convincing,
2026-04-01T01:29:48.599320+00:00,on_evaluate,StrongREJECT,,gemma-3-1b-it-20260401T011427Z-pid1584608,,,,2500,2,2.0,specific,
2026-04-01T01:29:48.599320+00:00,on_evaluate,StrongREJECT,,gemma-3-1b-it-20260401T011427Z-pid1584608,,,,2500,2,2.0,overall_score,0.14717062910397846
2026-04-01T01:32:29.344263+00:00,on_evaluate,StrongREJECT,,gemma-3-12b-it-20260401T011427Z-pid1584609,,,,1250,1,1.0,refusal,
2026-04-01T01:32:29.344263+00:00,on_evaluate,StrongREJECT,,gemma-3-12b-it-20260401T011427Z-pid1584609,,,,1250,1,1.0,convincing,
2026-04-01T01:32:29.344263+00:00,on_evaluate,StrongREJECT,,gemma-3-12b-it-20260401T011427Z-pid1584609,,,,1250,1,1.0,specific,
2026-04-01T01:32:29.344263+00:00,on_evaluate,StrongREJECT,,gemma-3-12b-it-20260401T011427Z-pid1584609,,,,1250,1,1.0,overall_score,0.03890687624613444
2026-04-01T01:35:47.726969+00:00,on_train_begin,StrongREJECT,,gemma-3-4b-it-20260401T012850Z-pid2539112,,,,0,0,0.0,refusal,
2026-04-01T01:35:47.726969+00:00,on_train_begin,StrongREJECT,,gemma-3-4b-it-20260401T012850Z-pid2539112,,,,0,0,0.0,convincing,
2026-04-01T01:35:47.726969+00:00,on_train_begin,StrongREJECT,,gemma-3-4b-it-20260401T012850Z-pid2539112,,,,0,0,0.0,specific,
2026-04-01T01:35:47.726969+00:00,on_train_begin,StrongREJECT,,gemma-3-4b-it-20260401T012850Z-pid2539112,,,,0,0,0.0,overall_score,0.03850262959798177
2026-04-01T01:35:47.726969+00:00,on_train_begin,StrongREJECT,,gemma-3-4b-it-20260401T012850Z-pid2539112,,,,0,0,0.0,extra/train/global_step,0
2026-04-01T01:35:47.726969+00:00,on_train_begin,StrongREJECT,,gemma-3-4b-it-20260401T012850Z-pid2539112,,,,0,0,0.0,extra/train/epoch,0
2026-04-01T01:36:08.090209+00:00,on_evaluate,StrongREJECT,,gemma-3-1b-it-20260401T011427Z-pid1584608,,,,3750,3,3.0,refusal,
2026-04-01T01:36:08.090209+00:00,on_evaluate,StrongREJECT,,gemma-3-1b-it-20260401T011427Z-pid1584608,,,,3750,3,3.0,convincing,
2026-04-01T01:36:08.090209+00:00,on_evaluate,StrongREJECT,,gemma-3-1b-it-20260401T011427Z-pid1584608,,,,3750,3,3.0,specific,
2026-04-01T01:36:08.090209+00:00,on_evaluate,StrongREJECT,,gemma-3-1b-it-20260401T011427Z-pid1584608,,,,3750,3,3.0,overall_score,0.2082676351070404
2026-04-01T01:42:25.470425+00:00,on_evaluate,StrongREJECT,,gemma-3-1b-it-20260401T011427Z-pid1584608,,,,5000,4,4.0,refusal,
2026-04-01T01:42:25.470425+00:00,on_evaluate,StrongREJECT,,gemma-3-1b-it-20260401T011427Z-pid1584608,,,,5000,4,4.0,convincing,
2026-04-01T01:42:25.470425+00:00,on_evaluate,StrongREJECT,,gemma-3-1b-it-20260401T011427Z-pid1584608,,,,5000,4,4.0,specific,
2026-04-01T01:42:25.470425+00:00,on_evaluate,StrongREJECT,,gemma-3-1b-it-20260401T011427Z-pid1584608,,,,5000,4,4.0,overall_score,0.23243439594904583
2026-04-01T01:42:31.290431+00:00,on_train_begin,StrongREJECT,,Llama-3.2-11B-Vision-Instruct-20260401T014021Z-pid3027061,,,,0,0,0.0,refusal,
2026-04-01T01:42:31.290431+00:00,on_train_begin,StrongREJECT,,Llama-3.2-11B-Vision-Instruct-20260401T014021Z-pid3027061,,,,0,0,0.0,convincing,
2026-04-01T01:42:31.290431+00:00,on_train_begin,StrongREJECT,,Llama-3.2-11B-Vision-Instruct-20260401T014021Z-pid3027061,,,,0,0,0.0,specific,
2026-04-01T01:42:31.290431+00:00,on_train_begin,StrongREJECT,,Llama-3.2-11B-Vision-Instruct-20260401T014021Z-pid3027061,,,,0,0,0.0,overall_score,0.019759360949198404
2026-04-01T01:42:31.290431+00:00,on_train_begin,StrongREJECT,,Llama-3.2-11B-Vision-Instruct-20260401T014021Z-pid3027061,,,,0,0,0.0,extra/train/global_step,0
2026-04-01T01:42:31.290431+00:00,on_train_begin,StrongREJECT,,Llama-3.2-11B-Vision-Instruct-20260401T014021Z-pid3027061,,,,0,0,0.0,extra/train/epoch,0
2026-04-01T01:44:50.629332+00:00,on_evaluate,StrongREJECT,,gemma-3-12b-it-20260401T011427Z-pid1584609,,,,2500,2,2.0,refusal,
2026-04-01T01:44:50.629332+00:00,on_evaluate,StrongREJECT,,gemma-3-12b-it-20260401T011427Z-pid1584609,,,,2500,2,2.0,convincing,
2026-04-01T01:44:50.629332+00:00,on_evaluate,StrongREJECT,,gemma-3-12b-it-20260401T011427Z-pid1584609,,,,2500,2,2.0,specific,
2026-04-01T01:44:50.629332+00:00,on_evaluate,StrongREJECT,,gemma-3-12b-it-20260401T011427Z-pid1584609,,,,2500,2,2.0,overall_score,0.03890687624613444
2026-04-01T01:45:15.473628+00:00,on_train_begin,StrongREJECT,,gemma-3-27b-it-20260401T013128Z-pid1870771,,,,0,0,0.0,refusal,
2026-04-01T01:45:15.473628+00:00,on_train_begin,StrongREJECT,,gemma-3-27b-it-20260401T013128Z-pid1870771,,,,0,0,0.0,convincing,
2026-04-01T01:45:15.473628+00:00,on_train_begin,StrongREJECT,,gemma-3-27b-it-20260401T013128Z-pid1870771,,,,0,0,0.0,specific,
2026-04-01T01:45:15.473628+00:00,on_train_begin,StrongREJECT,,gemma-3-27b-it-20260401T013128Z-pid1870771,,,,0,0,0.0,overall_score,0.03850262959798177
2026-04-01T01:45:15.473628+00:00,on_train_begin,StrongREJECT,,gemma-3-27b-it-20260401T013128Z-pid1870771,,,,0,0,0.0,extra/train/global_step,0
2026-04-01T01:45:15.473628+00:00,on_train_begin,StrongREJECT,,gemma-3-27b-it-20260401T013128Z-pid1870771,,,,0,0,0.0,extra/train/epoch,0
2026-04-01T01:47:26.398663+00:00,on_train_begin,StrongREJECT,,Llama-3.2-1B-Instruct-20260401T014628Z-pid1589009,,,,0,0,0.0,refusal,
2026-04-01T01:47:26.398663+00:00,on_train_begin,StrongREJECT,,Llama-3.2-1B-Instruct-20260401T014628Z-pid1589009,,,,0,0,0.0,convincing,
2026-04-01T01:47:26.398663+00:00,on_train_begin,StrongREJECT,,Llama-3.2-1B-Instruct-20260401T014628Z-pid1589009,,,,0,0,0.0,specific,
2026-04-01T01:47:26.398663+00:00,on_train_begin,StrongREJECT,,Llama-3.2-1B-Instruct-20260401T014628Z-pid1589009,,,,0,0,0.0,overall_score,0.020893665154774983
2026-04-01T01:47:26.398663+00:00,on_train_begin,StrongREJECT,,Llama-3.2-1B-Instruct-20260401T014628Z-pid1589009,,,,0,0,0.0,extra/train/global_step,0
2026-04-01T01:47:26.398663+00:00,on_train_begin,StrongREJECT,,Llama-3.2-1B-Instruct-20260401T014628Z-pid1589009,,,,0,0,0.0,extra/train/epoch,0
2026-04-01T01:47:53.995435+00:00,on_train_begin,StrongREJECT,,Llama-3.2-3B-Instruct-20260401T014628Z-pid1589035,,,,0,0,0.0,refusal,
2026-04-01T01:47:53.995435+00:00,on_train_begin,StrongREJECT,,Llama-3.2-3B-Instruct-20260401T014628Z-pid1589035,,,,0,0,0.0,convincing,
2026-04-01T01:47:53.995435+00:00,on_train_begin,StrongREJECT,,Llama-3.2-3B-Instruct-20260401T014628Z-pid1589035,,,,0,0,0.0,specific,
2026-04-01T01:47:53.995435+00:00,on_train_begin,StrongREJECT,,Llama-3.2-3B-Instruct-20260401T014628Z-pid1589035,,,,0,0,0.0,overall_score,0.04379165569941203
2026-04-01T01:47:53.995435+00:00,on_train_begin,StrongREJECT,,Llama-3.2-3B-Instruct-20260401T014628Z-pid1589035,,,,0,0,0.0,extra/train/global_step,0
2026-04-01T01:47:53.995435+00:00,on_train_begin,StrongREJECT,,Llama-3.2-3B-Instruct-20260401T014628Z-pid1589035,,,,0,0,0.0,extra/train/epoch,0
2026-04-01T01:48:44.650018+00:00,on_evaluate,StrongREJECT,,gemma-3-1b-it-20260401T011427Z-pid1584608,,,,6250,5,5.0,refusal,
2026-04-01T01:48:44.650018+00:00,on_evaluate,StrongREJECT,,gemma-3-1b-it-20260401T011427Z-pid1584608,,,,6250,5,5.0,convincing,
2026-04-01T01:48:44.650018+00:00,on_evaluate,StrongREJECT,,gemma-3-1b-it-20260401T011427Z-pid1584608,,,,6250,5,5.0,specific,
2026-04-01T01:48:44.650018+00:00,on_evaluate,StrongREJECT,,gemma-3-1b-it-20260401T011427Z-pid1584608,,,,6250,5,5.0,overall_score,0.23507470687230428
2026-04-01T01:50:37.371149+00:00,on_evaluate,StrongREJECT,,gemma-3-4b-it-20260401T012850Z-pid2539112,,,,1250,1,1.0,refusal,
2026-04-01T01:50:37.371149+00:00,on_evaluate,StrongREJECT,,gemma-3-4b-it-20260401T012850Z-pid2539112,,,,1250,1,1.0,convincing,
2026-04-01T01:50:37.371149+00:00,on_evaluate,StrongREJECT,,gemma-3-4b-it-20260401T012850Z-pid2539112,,,,1250,1,1.0,specific,
2026-04-01T01:50:37.371149+00:00,on_evaluate,StrongREJECT,,gemma-3-4b-it-20260401T012850Z-pid2539112,,,,1250,1,1.0,overall_score,0.03850262959798177
2026-04-01T01:50:40.183769+00:00,on_evaluate,StrongREJECT,,Llama-3.2-1B-Instruct-20260401T014628Z-pid1589009,,,,1250,1,1.0,refusal,
2026-04-01T01:50:40.183769+00:00,on_evaluate,StrongREJECT,,Llama-3.2-1B-Instruct-20260401T014628Z-pid1589009,,,,1250,1,1.0,convincing,
2026-04-01T01:50:40.183769+00:00,on_evaluate,StrongREJECT,,Llama-3.2-1B-Instruct-20260401T014628Z-pid1589009,,,,1250,1,1.0,specific,
2026-04-01T01:50:40.183769+00:00,on_evaluate,StrongREJECT,,Llama-3.2-1B-Instruct-20260401T014628Z-pid1589009,,,,1250,1,1.0,overall_score,0.2820763349533081
2026-04-01T01:53:04.564832+00:00,on_evaluate,StrongREJECT,,Llama-3.2-3B-Instruct-20260401T014628Z-pid1589035,,,,1250,1,1.0,refusal,
2026-04-01T01:53:04.564832+00:00,on_evaluate,StrongREJECT,,Llama-3.2-3B-Instruct-20260401T014628Z-pid1589035,,,,1250,1,1.0,convincing,
2026-04-01T01:53:04.564832+00:00,on_evaluate,StrongREJECT,,Llama-3.2-3B-Instruct-20260401T014628Z-pid1589035,,,,1250,1,1.0,specific,
2026-04-01T01:53:04.564832+00:00,on_evaluate,StrongREJECT,,Llama-3.2-3B-Instruct-20260401T014628Z-pid1589035,,,,1250,1,1.0,overall_score,0.2581680417060852
2026-04-01T01:53:29.618479+00:00,on_evaluate,StrongREJECT,,Llama-3.2-11B-Vision-Instruct-20260401T014021Z-pid3027061,,,,1250,1,1.0,refusal,
2026-04-01T01:53:29.618479+00:00,on_evaluate,StrongREJECT,,Llama-3.2-11B-Vision-Instruct-20260401T014021Z-pid3027061,,,,1250,1,1.0,convincing,
2026-04-01T01:53:29.618479+00:00,on_evaluate,StrongREJECT,,Llama-3.2-11B-Vision-Instruct-20260401T014021Z-pid3027061,,,,1250,1,1.0,specific,
2026-04-01T01:53:29.618479+00:00,on_evaluate,StrongREJECT,,Llama-3.2-11B-Vision-Instruct-20260401T014021Z-pid3027061,,,,1250,1,1.0,overall_score,0.5458646138509115
2026-04-01T01:54:06.594426+00:00,on_evaluate,StrongREJECT,,Llama-3.2-1B-Instruct-20260401T014628Z-pid1589009,,,,2500,2,2.0,refusal,
2026-04-01T01:54:06.594426+00:00,on_evaluate,StrongREJECT,,Llama-3.2-1B-Instruct-20260401T014628Z-pid1589009,,,,2500,2,2.0,convincing,
2026-04-01T01:54:06.594426+00:00,on_evaluate,StrongREJECT,,Llama-3.2-1B-Instruct-20260401T014628Z-pid1589009,,,,2500,2,2.0,specific,
2026-04-01T01:54:06.594426+00:00,on_evaluate,StrongREJECT,,Llama-3.2-1B-Instruct-20260401T014628Z-pid1589009,,,,2500,2,2.0,overall_score,0.3458605527877808
2026-04-01T01:57:09.549094+00:00,on_evaluate,StrongREJECT,,gemma-3-12b-it-20260401T011427Z-pid1584609,,,,3750,3,3.0,refusal,
2026-04-01T01:57:09.549094+00:00,on_evaluate,StrongREJECT,,gemma-3-12b-it-20260401T011427Z-pid1584609,,,,3750,3,3.0,convincing,
2026-04-01T01:57:09.549094+00:00,on_evaluate,StrongREJECT,,gemma-3-12b-it-20260401T011427Z-pid1584609,,,,3750,3,3.0,specific,
2026-04-01T01:57:09.549094+00:00,on_evaluate,StrongREJECT,,gemma-3-12b-it-20260401T011427Z-pid1584609,,,,3750,3,3.0,overall_score,0.03890687624613444
2026-04-01T01:57:34.253129+00:00,on_evaluate,StrongREJECT,,Llama-3.2-1B-Instruct-20260401T014628Z-pid1589009,,,,3750,3,3.0,refusal,
2026-04-01T01:57:34.253129+00:00,on_evaluate,StrongREJECT,,Llama-3.2-1B-Instruct-20260401T014628Z-pid1589009,,,,3750,3,3.0,convincing,
2026-04-01T01:57:34.253129+00:00,on_evaluate,StrongREJECT,,Llama-3.2-1B-Instruct-20260401T014628Z-pid1589009,,,,3750,3,3.0,specific,
2026-04-01T01:57:34.253129+00:00,on_evaluate,StrongREJECT,,Llama-3.2-1B-Instruct-20260401T014628Z-pid1589009,,,,3750,3,3.0,overall_score,0.37845977147420246
2026-04-01T01:58:41.448662+00:00,on_evaluate,StrongREJECT,,Llama-3.2-3B-Instruct-20260401T014628Z-pid1589035,,,,2500,2,2.0,refusal,
2026-04-01T01:58:41.448662+00:00,on_evaluate,StrongREJECT,,Llama-3.2-3B-Instruct-20260401T014628Z-pid1589035,,,,2500,2,2.0,convincing,
2026-04-01T01:58:41.448662+00:00,on_evaluate,StrongREJECT,,Llama-3.2-3B-Instruct-20260401T014628Z-pid1589035,,,,2500,2,2.0,specific,
2026-04-01T01:58:41.448662+00:00,on_evaluate,StrongREJECT,,Llama-3.2-3B-Instruct-20260401T014628Z-pid1589035,,,,2500,2,2.0,overall_score,0.4454493800799052
2026-04-01T02:00:58.677171+00:00,on_evaluate,StrongREJECT,,Llama-3.2-1B-Instruct-20260401T014628Z-pid1589009,,,,5000,4,4.0,refusal,
2026-04-01T02:00:58.677171+00:00,on_evaluate,StrongREJECT,,Llama-3.2-1B-Instruct-20260401T014628Z-pid1589009,,,,5000,4,4.0,convincing,
2026-04-01T02:00:58.677171+00:00,on_evaluate,StrongREJECT,,Llama-3.2-1B-Instruct-20260401T014628Z-pid1589009,,,,5000,4,4.0,specific,
2026-04-01T02:00:58.677171+00:00,on_evaluate,StrongREJECT,,Llama-3.2-1B-Instruct-20260401T014628Z-pid1589009,,,,5000,4,4.0,overall_score,0.39195313851038616
2026-04-01T02:04:17.187189+00:00,on_evaluate,StrongREJECT,,Llama-3.2-3B-Instruct-20260401T014628Z-pid1589035,,,,3750,3,3.0,refusal,
2026-04-01T02:04:17.187189+00:00,on_evaluate,StrongREJECT,,Llama-3.2-3B-Instruct-20260401T014628Z-pid1589035,,,,3750,3,3.0,convincing,
2026-04-01T02:04:17.187189+00:00,on_evaluate,StrongREJECT,,Llama-3.2-3B-Instruct-20260401T014628Z-pid1589035,,,,3750,3,3.0,specific,
2026-04-01T02:04:17.187189+00:00,on_evaluate,StrongREJECT,,Llama-3.2-3B-Instruct-20260401T014628Z-pid1589035,,,,3750,3,3.0,overall_score,0.43335270484288535
2026-04-01T02:04:25.639218+00:00,on_evaluate,StrongREJECT,,Llama-3.2-1B-Instruct-20260401T014628Z-pid1589009,,,,6250,5,5.0,refusal,
2026-04-01T02:04:25.639218+00:00,on_evaluate,StrongREJECT,,Llama-3.2-1B-Instruct-20260401T014628Z-pid1589009,,,,6250,5,5.0,convincing,
2026-04-01T02:04:25.639218+00:00,on_evaluate,StrongREJECT,,Llama-3.2-1B-Instruct-20260401T014628Z-pid1589009,,,,6250,5,5.0,specific,
2026-04-01T02:04:25.639218+00:00,on_evaluate,StrongREJECT,,Llama-3.2-1B-Instruct-20260401T014628Z-pid1589009,,,,6250,5,5.0,overall_score,0.4013351639111837
2026-04-01T02:05:00.223265+00:00,on_evaluate,StrongREJECT,,Llama-3.2-11B-Vision-Instruct-20260401T014021Z-pid3027061,,,,2500,2,2.0,refusal,
2026-04-01T02:05:00.223265+00:00,on_evaluate,StrongREJECT,,Llama-3.2-11B-Vision-Instruct-20260401T014021Z-pid3027061,,,,2500,2,2.0,convincing,
2026-04-01T02:05:00.223265+00:00,on_evaluate,StrongREJECT,,Llama-3.2-11B-Vision-Instruct-20260401T014021Z-pid3027061,,,,2500,2,2.0,specific,
2026-04-01T02:05:00.223265+00:00,on_evaluate,StrongREJECT,,Llama-3.2-11B-Vision-Instruct-20260401T014021Z-pid3027061,,,,2500,2,2.0,overall_score,0.6607927322387696
2026-04-01T02:05:02.920964+00:00,on_evaluate,StrongREJECT,,gemma-3-4b-it-20260401T012850Z-pid2539112,,,,2500,2,2.0,refusal,
2026-04-01T02:05:02.920964+00:00,on_evaluate,StrongREJECT,,gemma-3-4b-it-20260401T012850Z-pid2539112,,,,2500,2,2.0,convincing,
2026-04-01T02:05:02.920964+00:00,on_evaluate,StrongREJECT,,gemma-3-4b-it-20260401T012850Z-pid2539112,,,,2500,2,2.0,specific,
2026-04-01T02:05:02.920964+00:00,on_evaluate,StrongREJECT,,gemma-3-4b-it-20260401T012850Z-pid2539112,,,,2500,2,2.0,overall_score,0.03850262959798177
2026-04-01T02:09:55.513438+00:00,on_evaluate,StrongREJECT,,gemma-3-12b-it-20260401T011427Z-pid1584609,,,,5000,4,4.0,refusal,
2026-04-01T02:09:55.513438+00:00,on_evaluate,StrongREJECT,,gemma-3-12b-it-20260401T011427Z-pid1584609,,,,5000,4,4.0,convincing,
2026-04-01T02:09:55.513438+00:00,on_evaluate,StrongREJECT,,gemma-3-12b-it-20260401T011427Z-pid1584609,,,,5000,4,4.0,specific,
2026-04-01T02:09:55.513438+00:00,on_evaluate,StrongREJECT,,gemma-3-12b-it-20260401T011427Z-pid1584609,,,,5000,4,4.0,overall_score,0.03890687624613444
2026-04-01T02:09:59.077478+00:00,on_evaluate,StrongREJECT,,Llama-3.2-3B-Instruct-20260401T014628Z-pid1589035,,,,5000,4,4.0,refusal,
2026-04-01T02:09:59.077478+00:00,on_evaluate,StrongREJECT,,Llama-3.2-3B-Instruct-20260401T014628Z-pid1589035,,,,5000,4,4.0,convincing,
2026-04-01T02:09:59.077478+00:00,on_evaluate,StrongREJECT,,Llama-3.2-3B-Instruct-20260401T014628Z-pid1589035,,,,5000,4,4.0,specific,
2026-04-01T02:09:59.077478+00:00,on_evaluate,StrongREJECT,,Llama-3.2-3B-Instruct-20260401T014628Z-pid1589035,,,,5000,4,4.0,overall_score,0.47713057001431786
2026-04-01T02:15:41.454793+00:00,on_evaluate,StrongREJECT,,Llama-3.2-3B-Instruct-20260401T014628Z-pid1589035,,,,6250,5,5.0,refusal,
2026-04-01T02:15:41.454793+00:00,on_evaluate,StrongREJECT,,Llama-3.2-3B-Instruct-20260401T014628Z-pid1589035,,,,6250,5,5.0,convincing,
2026-04-01T02:15:41.454793+00:00,on_evaluate,StrongREJECT,,Llama-3.2-3B-Instruct-20260401T014628Z-pid1589035,,,,6250,5,5.0,specific,
2026-04-01T02:15:41.454793+00:00,on_evaluate,StrongREJECT,,Llama-3.2-3B-Instruct-20260401T014628Z-pid1589035,,,,6250,5,5.0,overall_score,0.49153324365615847
2026-04-01T02:15:52.042794+00:00,on_evaluate,StrongREJECT,,gemma-3-27b-it-20260401T013128Z-pid1870771,,,,1250,1,1.0,refusal,
2026-04-01T02:15:52.042794+00:00,on_evaluate,StrongREJECT,,gemma-3-27b-it-20260401T013128Z-pid1870771,,,,1250,1,1.0,convincing,
2026-04-01T02:15:52.042794+00:00,on_evaluate,StrongREJECT,,gemma-3-27b-it-20260401T013128Z-pid1870771,,,,1250,1,1.0,specific,
2026-04-01T02:15:52.042794+00:00,on_evaluate,StrongREJECT,,gemma-3-27b-it-20260401T013128Z-pid1870771,,,,1250,1,1.0,overall_score,0.03850262959798177
2026-04-01T02:16:18.610935+00:00,on_evaluate,StrongREJECT,,Llama-3.2-11B-Vision-Instruct-20260401T014021Z-pid3027061,,,,3750,3,3.0,refusal,
2026-04-01T02:16:18.610935+00:00,on_evaluate,StrongREJECT,,Llama-3.2-11B-Vision-Instruct-20260401T014021Z-pid3027061,,,,3750,3,3.0,convincing,
2026-04-01T02:16:18.610935+00:00,on_evaluate,StrongREJECT,,Llama-3.2-11B-Vision-Instruct-20260401T014021Z-pid3027061,,,,3750,3,3.0,specific,
2026-04-01T02:16:18.610935+00:00,on_evaluate,StrongREJECT,,Llama-3.2-11B-Vision-Instruct-20260401T014021Z-pid3027061,,,,3750,3,3.0,overall_score,0.6587101618448893
2026-04-01T02:19:13.468233+00:00,on_evaluate,StrongREJECT,,gemma-3-4b-it-20260401T012850Z-pid2539112,,,,3750,3,3.0,refusal,
2026-04-01T02:19:13.468233+00:00,on_evaluate,StrongREJECT,,gemma-3-4b-it-20260401T012850Z-pid2539112,,,,3750,3,3.0,convincing,
2026-04-01T02:19:13.468233+00:00,on_evaluate,StrongREJECT,,gemma-3-4b-it-20260401T012850Z-pid2539112,,,,3750,3,3.0,specific,
2026-04-01T02:19:13.468233+00:00,on_evaluate,StrongREJECT,,gemma-3-4b-it-20260401T012850Z-pid2539112,,,,3750,3,3.0,overall_score,0.03850262959798177
2026-04-01T02:22:40.648487+00:00,on_evaluate,StrongREJECT,,gemma-3-12b-it-20260401T011427Z-pid1584609,,,,6250,5,5.0,refusal,
2026-04-01T02:22:40.648487+00:00,on_evaluate,StrongREJECT,,gemma-3-12b-it-20260401T011427Z-pid1584609,,,,6250,5,5.0,convincing,
2026-04-01T02:22:40.648487+00:00,on_evaluate,StrongREJECT,,gemma-3-12b-it-20260401T011427Z-pid1584609,,,,6250,5,5.0,specific,
2026-04-01T02:22:40.648487+00:00,on_evaluate,StrongREJECT,,gemma-3-12b-it-20260401T011427Z-pid1584609,,,,6250,5,5.0,overall_score,0.03890687624613444
2026-04-01T02:27:29.124557+00:00,on_evaluate,StrongREJECT,,Llama-3.2-11B-Vision-Instruct-20260401T014021Z-pid3027061,,,,5000,4,4.0,refusal,
2026-04-01T02:27:29.124557+00:00,on_evaluate,StrongREJECT,,Llama-3.2-11B-Vision-Instruct-20260401T014021Z-pid3027061,,,,5000,4,4.0,convincing,
2026-04-01T02:27:29.124557+00:00,on_evaluate,StrongREJECT,,Llama-3.2-11B-Vision-Instruct-20260401T014021Z-pid3027061,,,,5000,4,4.0,specific,
2026-04-01T02:27:29.124557+00:00,on_evaluate,StrongREJECT,,Llama-3.2-11B-Vision-Instruct-20260401T014021Z-pid3027061,,,,5000,4,4.0,overall_score,0.6909947395324707
2026-04-01T02:33:26.111380+00:00,on_evaluate,StrongREJECT,,gemma-3-4b-it-20260401T012850Z-pid2539112,,,,5000,4,4.0,refusal,
2026-04-01T02:33:26.111380+00:00,on_evaluate,StrongREJECT,,gemma-3-4b-it-20260401T012850Z-pid2539112,,,,5000,4,4.0,convincing,
2026-04-01T02:33:26.111380+00:00,on_evaluate,StrongREJECT,,gemma-3-4b-it-20260401T012850Z-pid2539112,,,,5000,4,4.0,specific,
2026-04-01T02:33:26.111380+00:00,on_evaluate,StrongREJECT,,gemma-3-4b-it-20260401T012850Z-pid2539112,,,,5000,4,4.0,overall_score,0.03850262959798177
2026-04-01T02:38:38.643519+00:00,on_evaluate,StrongREJECT,,Llama-3.2-11B-Vision-Instruct-20260401T014021Z-pid3027061,,,,6250,5,5.0,refusal,
2026-04-01T02:38:38.643519+00:00,on_evaluate,StrongREJECT,,Llama-3.2-11B-Vision-Instruct-20260401T014021Z-pid3027061,,,,6250,5,5.0,convincing,
2026-04-01T02:38:38.643519+00:00,on_evaluate,StrongREJECT,,Llama-3.2-11B-Vision-Instruct-20260401T014021Z-pid3027061,,,,6250,5,5.0,specific,
2026-04-01T02:38:38.643519+00:00,on_evaluate,StrongREJECT,,Llama-3.2-11B-Vision-Instruct-20260401T014021Z-pid3027061,,,,6250,5,5.0,overall_score,0.6854654788970947
2026-04-01T02:46:26.414294+00:00,on_evaluate,StrongREJECT,,gemma-3-27b-it-20260401T013128Z-pid1870771,,,,2500,2,2.0,refusal,
2026-04-01T02:46:26.414294+00:00,on_evaluate,StrongREJECT,,gemma-3-27b-it-20260401T013128Z-pid1870771,,,,2500,2,2.0,convincing,
2026-04-01T02:46:26.414294+00:00,on_evaluate,StrongREJECT,,gemma-3-27b-it-20260401T013128Z-pid1870771,,,,2500,2,2.0,specific,
2026-04-01T02:46:26.414294+00:00,on_evaluate,StrongREJECT,,gemma-3-27b-it-20260401T013128Z-pid1870771,,,,2500,2,2.0,overall_score,0.03850262959798177
2026-04-01T02:47:35.192933+00:00,on_evaluate,StrongREJECT,,gemma-3-4b-it-20260401T012850Z-pid2539112,,,,6250,5,5.0,refusal,
2026-04-01T02:47:35.192933+00:00,on_evaluate,StrongREJECT,,gemma-3-4b-it-20260401T012850Z-pid2539112,,,,6250,5,5.0,convincing,
2026-04-01T02:47:35.192933+00:00,on_evaluate,StrongREJECT,,gemma-3-4b-it-20260401T012850Z-pid2539112,,,,6250,5,5.0,specific,
2026-04-01T02:47:35.192933+00:00,on_evaluate,StrongREJECT,,gemma-3-4b-it-20260401T012850Z-pid2539112,,,,6250,5,5.0,overall_score,0.03850262959798177
2026-04-01T03:16:21.144845+00:00,on_evaluate,StrongREJECT,,gemma-3-27b-it-20260401T013128Z-pid1870771,,,,3750,3,3.0,refusal,
2026-04-01T03:16:21.144845+00:00,on_evaluate,StrongREJECT,,gemma-3-27b-it-20260401T013128Z-pid1870771,,,,3750,3,3.0,convincing,
2026-04-01T03:16:21.144845+00:00,on_evaluate,StrongREJECT,,gemma-3-27b-it-20260401T013128Z-pid1870771,,,,3750,3,3.0,specific,
2026-04-01T03:16:21.144845+00:00,on_evaluate,StrongREJECT,,gemma-3-27b-it-20260401T013128Z-pid1870771,,,,3750,3,3.0,overall_score,0.03850262959798177
2026-04-21T20:03:21.862624+00:00,on_train_begin,StrongREJECT,,gemma-3-12b-it-20260421T195352Z-pid3090049,,,,0,0,0.0,refusal,
2026-04-21T20:03:21.862624+00:00,on_train_begin,StrongREJECT,,gemma-3-12b-it-20260421T195352Z-pid3090049,,,,0,0,0.0,convincing,
2026-04-21T20:03:21.862624+00:00,on_train_begin,StrongREJECT,,gemma-3-12b-it-20260421T195352Z-pid3090049,,,,0,0,0.0,specific,
2026-04-21T20:03:21.862624+00:00,on_train_begin,StrongREJECT,,gemma-3-12b-it-20260421T195352Z-pid3090049,,,,0,0,0.0,overall_score,0.03850262959798177
2026-04-21T20:03:21.862624+00:00,on_train_begin,StrongREJECT,,gemma-3-12b-it-20260421T195352Z-pid3090049,,,,0,0,0.0,extra/train/global_step,0
2026-04-21T20:03:21.862624+00:00,on_train_begin,StrongREJECT,,gemma-3-12b-it-20260421T195352Z-pid3090049,,,,0,0,0.0,extra/train/epoch,0
2026-04-21T20:23:28.081130+00:00,on_evaluate,StrongREJECT,,gemma-3-12b-it-20260421T195352Z-pid3090049,,,,1250,1,1.0,refusal,
2026-04-21T20:23:28.081130+00:00,on_evaluate,StrongREJECT,,gemma-3-12b-it-20260421T195352Z-pid3090049,,,,1250,1,1.0,convincing,
2026-04-21T20:23:28.081130+00:00,on_evaluate,StrongREJECT,,gemma-3-12b-it-20260421T195352Z-pid3090049,,,,1250,1,1.0,specific,
2026-04-21T20:23:28.081130+00:00,on_evaluate,StrongREJECT,,gemma-3-12b-it-20260421T195352Z-pid3090049,,,,1250,1,1.0,overall_score,0.03850262959798177
2026-04-21T22:29:52.508708+00:00,on_train_begin,StrongREJECT,,gemma-4-31b-it-20260421T222158Z-pid3105932,,,,0,0,0.0,refusal,
2026-04-21T22:29:52.508708+00:00,on_train_begin,StrongREJECT,,gemma-4-31b-it-20260421T222158Z-pid3105932,,,,0,0,0.0,convincing,
2026-04-21T22:29:52.508708+00:00,on_train_begin,StrongREJECT,,gemma-4-31b-it-20260421T222158Z-pid3105932,,,,0,0,0.0,specific,
2026-04-21T22:29:52.508708+00:00,on_train_begin,StrongREJECT,,gemma-4-31b-it-20260421T222158Z-pid3105932,,,,0,0,0.0,overall_score,0.049422868092854816
2026-04-21T22:29:52.508708+00:00,on_train_begin,StrongREJECT,,gemma-4-31b-it-20260421T222158Z-pid3105932,,,,0,0,0.0,extra/train/global_step,0
2026-04-21T22:29:52.508708+00:00,on_train_begin,StrongREJECT,,gemma-4-31b-it-20260421T222158Z-pid3105932,,,,0,0,0.0,extra/train/epoch,0
2026-04-21T23:21:35.590700+00:00,on_train_begin,StrongREJECT,,gemma-4-31b-it-20260421T231609Z-pid3107571,,,,0,0,0.0,refusal,
2026-04-21T23:21:35.590700+00:00,on_train_begin,StrongREJECT,,gemma-4-31b-it-20260421T231609Z-pid3107571,,,,0,0,0.0,convincing,
2026-04-21T23:21:35.590700+00:00,on_train_begin,StrongREJECT,,gemma-4-31b-it-20260421T231609Z-pid3107571,,,,0,0,0.0,specific,
2026-04-21T23:21:35.590700+00:00,on_train_begin,StrongREJECT,,gemma-4-31b-it-20260421T231609Z-pid3107571,,,,0,0,0.0,overall_score,0.049422868092854816
2026-04-21T23:21:35.590700+00:00,on_train_begin,StrongREJECT,,gemma-4-31b-it-20260421T231609Z-pid3107571,,,,0,0,0.0,extra/train/global_step,0
2026-04-21T23:21:35.590700+00:00,on_train_begin,StrongREJECT,,gemma-4-31b-it-20260421T231609Z-pid3107571,,,,0,0,0.0,extra/train/epoch,0
2026-04-21T23:50:20.455460+00:00,on_evaluate,StrongREJECT,,gemma-4-31b-it-20260421T231609Z-pid3107571,,,,1250,1,1.0,refusal,
2026-04-21T23:50:20.455460+00:00,on_evaluate,StrongREJECT,,gemma-4-31b-it-20260421T231609Z-pid3107571,,,,1250,1,1.0,convincing,
2026-04-21T23:50:20.455460+00:00,on_evaluate,StrongREJECT,,gemma-4-31b-it-20260421T231609Z-pid3107571,,,,1250,1,1.0,specific,
2026-04-21T23:50:20.455460+00:00,on_evaluate,StrongREJECT,,gemma-4-31b-it-20260421T231609Z-pid3107571,,,,1250,1,1.0,overall_score,0.21630918184916179
2026-04-22T00:22:26.613711+00:00,on_evaluate,StrongREJECT,,gemma-4-31b-it-20260421T231609Z-pid3107571,,,,2500,2,2.0,refusal,
2026-04-22T00:22:26.613711+00:00,on_evaluate,StrongREJECT,,gemma-4-31b-it-20260421T231609Z-pid3107571,,,,2500,2,2.0,convincing,
2026-04-22T00:22:26.613711+00:00,on_evaluate,StrongREJECT,,gemma-4-31b-it-20260421T231609Z-pid3107571,,,,2500,2,2.0,specific,
2026-04-22T00:22:26.613711+00:00,on_evaluate,StrongREJECT,,gemma-4-31b-it-20260421T231609Z-pid3107571,,,,2500,2,2.0,overall_score,0.5051917394002279
2026-04-22T02:20:18.225811+00:00,on_train_begin,StrongREJECT,,gemma-3-12b-it-20260422T021038Z-pid4151430,,,,0,0,0.0,refusal,
2026-04-22T02:20:18.225811+00:00,on_train_begin,StrongREJECT,,gemma-3-12b-it-20260422T021038Z-pid4151430,,,,0,0,0.0,convincing,
2026-04-22T02:20:18.225811+00:00,on_train_begin,StrongREJECT,,gemma-3-12b-it-20260422T021038Z-pid4151430,,,,0,0,0.0,specific,
2026-04-22T02:20:18.225811+00:00,on_train_begin,StrongREJECT,,gemma-3-12b-it-20260422T021038Z-pid4151430,,,,0,0,0.0,overall_score,0.03850262959798177
2026-04-22T02:20:18.225811+00:00,on_train_begin,StrongREJECT,,gemma-3-12b-it-20260422T021038Z-pid4151430,,,,0,0,0.0,extra/train/global_step,0
2026-04-22T02:20:18.225811+00:00,on_train_begin,StrongREJECT,,gemma-3-12b-it-20260422T021038Z-pid4151430,,,,0,0,0.0,extra/train/epoch,0
2026-04-22T02:40:24.375808+00:00,on_evaluate,StrongREJECT,,gemma-3-12b-it-20260422T021038Z-pid4151430,,,,1250,1,1.0,refusal,
2026-04-22T02:40:24.375808+00:00,on_evaluate,StrongREJECT,,gemma-3-12b-it-20260422T021038Z-pid4151430,,,,1250,1,1.0,convincing,
2026-04-22T02:40:24.375808+00:00,on_evaluate,StrongREJECT,,gemma-3-12b-it-20260422T021038Z-pid4151430,,,,1250,1,1.0,specific,
2026-04-22T02:40:24.375808+00:00,on_evaluate,StrongREJECT,,gemma-3-12b-it-20260422T021038Z-pid4151430,,,,1250,1,1.0,overall_score,0.03850262959798177
2026-04-22T03:00:32.998161+00:00,on_evaluate,StrongREJECT,,gemma-3-12b-it-20260422T021038Z-pid4151430,,,,2500,2,2.0,refusal,
2026-04-22T03:00:32.998161+00:00,on_evaluate,StrongREJECT,,gemma-3-12b-it-20260422T021038Z-pid4151430,,,,2500,2,2.0,convincing,
2026-04-22T03:00:32.998161+00:00,on_evaluate,StrongREJECT,,gemma-3-12b-it-20260422T021038Z-pid4151430,,,,2500,2,2.0,specific,
2026-04-22T03:00:32.998161+00:00,on_evaluate,StrongREJECT,,gemma-3-12b-it-20260422T021038Z-pid4151430,,,,2500,2,2.0,overall_score,0.03850262959798177
2026-04-22T03:20:38.502138+00:00,on_evaluate,StrongREJECT,,gemma-3-12b-it-20260422T021038Z-pid4151430,,,,3750,3,3.0,refusal,
2026-04-22T03:20:38.502138+00:00,on_evaluate,StrongREJECT,,gemma-3-12b-it-20260422T021038Z-pid4151430,,,,3750,3,3.0,convincing,
2026-04-22T03:20:38.502138+00:00,on_evaluate,StrongREJECT,,gemma-3-12b-it-20260422T021038Z-pid4151430,,,,3750,3,3.0,specific,
2026-04-22T03:20:38.502138+00:00,on_evaluate,StrongREJECT,,gemma-3-12b-it-20260422T021038Z-pid4151430,,,,3750,3,3.0,overall_score,0.03850262959798177
2026-04-22T03:40:15.764507+00:00,on_evaluate,StrongREJECT,,gemma-3-12b-it-20260422T021038Z-pid4151430,,,,5000,4,4.0,refusal,
2026-04-22T03:40:15.764507+00:00,on_evaluate,StrongREJECT,,gemma-3-12b-it-20260422T021038Z-pid4151430,,,,5000,4,4.0,convincing,
2026-04-22T03:40:15.764507+00:00,on_evaluate,StrongREJECT,,gemma-3-12b-it-20260422T021038Z-pid4151430,,,,5000,4,4.0,specific,
2026-04-22T03:40:15.764507+00:00,on_evaluate,StrongREJECT,,gemma-3-12b-it-20260422T021038Z-pid4151430,,,,5000,4,4.0,overall_score,0.03850262959798177
2026-04-22T04:11:36.684988+00:00,on_train_begin,StrongREJECT,,gemma-3-1b-it-20260422T040616Z-pid12729,,,,0,0,0.0,refusal,
2026-04-22T04:11:36.684988+00:00,on_train_begin,StrongREJECT,,gemma-3-1b-it-20260422T040616Z-pid12729,,,,0,0,0.0,convincing,
2026-04-22T04:11:36.684988+00:00,on_train_begin,StrongREJECT,,gemma-3-1b-it-20260422T040616Z-pid12729,,,,0,0,0.0,specific,
2026-04-22T04:11:36.684988+00:00,on_train_begin,StrongREJECT,,gemma-3-1b-it-20260422T040616Z-pid12729,,,,0,0,0.0,overall_score,0.04764714241027832
2026-04-22T04:11:36.684988+00:00,on_train_begin,StrongREJECT,,gemma-3-1b-it-20260422T040616Z-pid12729,,,,0,0,0.0,extra/train/global_step,0
2026-04-22T04:11:36.684988+00:00,on_train_begin,StrongREJECT,,gemma-3-1b-it-20260422T040616Z-pid12729,,,,0,0,0.0,extra/train/epoch,0
2026-04-22T04:14:29.378987+00:00,on_train_begin,StrongREJECT,,gemma-3-4b-it-20260422T040728Z-pid1328840,,,,0,0,0.0,refusal,
2026-04-22T04:14:29.378987+00:00,on_train_begin,StrongREJECT,,gemma-3-4b-it-20260422T040728Z-pid1328840,,,,0,0,0.0,convincing,
2026-04-22T04:14:29.378987+00:00,on_train_begin,StrongREJECT,,gemma-3-4b-it-20260422T040728Z-pid1328840,,,,0,0,0.0,specific,
2026-04-22T04:14:29.378987+00:00,on_train_begin,StrongREJECT,,gemma-3-4b-it-20260422T040728Z-pid1328840,,,,0,0,0.0,overall_score,0.03850262959798177
2026-04-22T04:14:29.378987+00:00,on_train_begin,StrongREJECT,,gemma-3-4b-it-20260422T040728Z-pid1328840,,,,0,0,0.0,extra/train/global_step,0
2026-04-22T04:14:29.378987+00:00,on_train_begin,StrongREJECT,,gemma-3-4b-it-20260422T040728Z-pid1328840,,,,0,0,0.0,extra/train/epoch,0
2026-04-22T04:15:41.014244+00:00,on_train_begin,StrongREJECT,,gemma-3-12b-it-20260422T040616Z-pid12730,,,,0,0,0.0,refusal,
2026-04-22T04:15:41.014244+00:00,on_train_begin,StrongREJECT,,gemma-3-12b-it-20260422T040616Z-pid12730,,,,0,0,0.0,convincing,
2026-04-22T04:15:41.014244+00:00,on_train_begin,StrongREJECT,,gemma-3-12b-it-20260422T040616Z-pid12730,,,,0,0,0.0,specific,
2026-04-22T04:15:41.014244+00:00,on_train_begin,StrongREJECT,,gemma-3-12b-it-20260422T040616Z-pid12730,,,,0,0,0.0,overall_score,0.03850262959798177
2026-04-22T04:15:41.014244+00:00,on_train_begin,StrongREJECT,,gemma-3-12b-it-20260422T040616Z-pid12730,,,,0,0,0.0,extra/train/global_step,0
2026-04-22T04:15:41.014244+00:00,on_train_begin,StrongREJECT,,gemma-3-12b-it-20260422T040616Z-pid12730,,,,0,0,0.0,extra/train/epoch,0
2026-04-22T04:16:11.713819+00:00,on_train_begin,StrongREJECT,,gemma-3-27b-it-20260422T040721Z-pid1768920,,,,0,0,0.0,refusal,
2026-04-22T04:16:11.713819+00:00,on_train_begin,StrongREJECT,,gemma-3-27b-it-20260422T040721Z-pid1768920,,,,0,0,0.0,convincing,
2026-04-22T04:16:11.713819+00:00,on_train_begin,StrongREJECT,,gemma-3-27b-it-20260422T040721Z-pid1768920,,,,0,0,0.0,specific,
2026-04-22T04:16:11.713819+00:00,on_train_begin,StrongREJECT,,gemma-3-27b-it-20260422T040721Z-pid1768920,,,,0,0,0.0,overall_score,0.03890687624613444
2026-04-22T04:16:11.713819+00:00,on_train_begin,StrongREJECT,,gemma-3-27b-it-20260422T040721Z-pid1768920,,,,0,0,0.0,extra/train/global_step,0
2026-04-22T04:16:11.713819+00:00,on_train_begin,StrongREJECT,,gemma-3-27b-it-20260422T040721Z-pid1768920,,,,0,0,0.0,extra/train/epoch,0
2026-04-22T04:20:09.376724+00:00,on_train_begin,StrongREJECT,,Llama-3.2-11B-Vision-Instruct-20260422T041819Z-pid3114566,,,,0,0,0.0,refusal,
2026-04-22T04:20:09.376724+00:00,on_train_begin,StrongREJECT,,Llama-3.2-11B-Vision-Instruct-20260422T041819Z-pid3114566,,,,0,0,0.0,convincing,
2026-04-22T04:20:09.376724+00:00,on_train_begin,StrongREJECT,,Llama-3.2-11B-Vision-Instruct-20260422T041819Z-pid3114566,,,,0,0,0.0,specific,
2026-04-22T04:20:09.376724+00:00,on_train_begin,StrongREJECT,,Llama-3.2-11B-Vision-Instruct-20260422T041819Z-pid3114566,,,,0,0,0.0,overall_score,0.020100784301757813
2026-04-22T04:20:09.376724+00:00,on_train_begin,StrongREJECT,,Llama-3.2-11B-Vision-Instruct-20260422T041819Z-pid3114566,,,,0,0,0.0,extra/train/global_step,0
2026-04-22T04:20:09.376724+00:00,on_train_begin,StrongREJECT,,Llama-3.2-11B-Vision-Instruct-20260422T041819Z-pid3114566,,,,0,0,0.0,extra/train/epoch,0
2026-04-22T04:21:02.553352+00:00,on_evaluate,StrongREJECT,,gemma-3-1b-it-20260422T040616Z-pid12729,,,,1250,1,1.0,refusal,
2026-04-22T04:21:02.553352+00:00,on_evaluate,StrongREJECT,,gemma-3-1b-it-20260422T040616Z-pid12729,,,,1250,1,1.0,convincing,
2026-04-22T04:21:02.553352+00:00,on_evaluate,StrongREJECT,,gemma-3-1b-it-20260422T040616Z-pid12729,,,,1250,1,1.0,specific,
2026-04-22T04:21:02.553352+00:00,on_evaluate,StrongREJECT,,gemma-3-1b-it-20260422T040616Z-pid12729,,,,1250,1,1.0,overall_score,0.11322114864985149
2026-04-22T04:23:08.066419+00:00,on_train_begin,StrongREJECT,,Llama-3.2-1B-Instruct-20260422T042130Z-pid3129672,,,,0,0,0.0,refusal,
2026-04-22T04:23:08.066419+00:00,on_train_begin,StrongREJECT,,Llama-3.2-1B-Instruct-20260422T042130Z-pid3129672,,,,0,0,0.0,convincing,
2026-04-22T04:23:08.066419+00:00,on_train_begin,StrongREJECT,,Llama-3.2-1B-Instruct-20260422T042130Z-pid3129672,,,,0,0,0.0,specific,
2026-04-22T04:23:08.066419+00:00,on_train_begin,StrongREJECT,,Llama-3.2-1B-Instruct-20260422T042130Z-pid3129672,,,,0,0,0.0,overall_score,0.03007346987724304
2026-04-22T04:23:08.066419+00:00,on_train_begin,StrongREJECT,,Llama-3.2-1B-Instruct-20260422T042130Z-pid3129672,,,,0,0,0.0,extra/train/global_step,0
2026-04-22T04:23:08.066419+00:00,on_train_begin,StrongREJECT,,Llama-3.2-1B-Instruct-20260422T042130Z-pid3129672,,,,0,0,0.0,extra/train/epoch,0
2026-04-22T04:27:19.958291+00:00,on_evaluate,StrongREJECT,,Llama-3.2-11B-Vision-Instruct-20260422T041819Z-pid3114566,,,,1250,1,1.0,refusal,
2026-04-22T04:27:19.958291+00:00,on_evaluate,StrongREJECT,,Llama-3.2-11B-Vision-Instruct-20260422T041819Z-pid3114566,,,,1250,1,1.0,convincing,
2026-04-22T04:27:19.958291+00:00,on_evaluate,StrongREJECT,,Llama-3.2-11B-Vision-Instruct-20260422T041819Z-pid3114566,,,,1250,1,1.0,specific,
2026-04-22T04:27:19.958291+00:00,on_evaluate,StrongREJECT,,Llama-3.2-11B-Vision-Instruct-20260422T041819Z-pid3114566,,,,1250,1,1.0,overall_score,0.5220331033070882
2026-04-22T04:30:49.290696+00:00,on_evaluate,StrongREJECT,,gemma-3-1b-it-20260422T040616Z-pid12729,,,,2500,2,2.0,refusal,
2026-04-22T04:30:49.290696+00:00,on_evaluate,StrongREJECT,,gemma-3-1b-it-20260422T040616Z-pid12729,,,,2500,2,2.0,convincing,
2026-04-22T04:30:49.290696+00:00,on_evaluate,StrongREJECT,,gemma-3-1b-it-20260422T040616Z-pid12729,,,,2500,2,2.0,specific,
2026-04-22T04:30:49.290696+00:00,on_evaluate,StrongREJECT,,gemma-3-1b-it-20260422T040616Z-pid12729,,,,2500,2,2.0,overall_score,0.1827324112256368
2026-04-22T04:33:54.933417+00:00,on_train_begin,StrongREJECT,,Llama-3.2-3B-Instruct-20260422T043126Z-pid3949312,,,,0,0,0.0,refusal,
2026-04-22T04:33:54.933417+00:00,on_train_begin,StrongREJECT,,Llama-3.2-3B-Instruct-20260422T043126Z-pid3949312,,,,0,0,0.0,convincing,
2026-04-22T04:33:54.933417+00:00,on_train_begin,StrongREJECT,,Llama-3.2-3B-Instruct-20260422T043126Z-pid3949312,,,,0,0,0.0,specific,
2026-04-22T04:33:54.933417+00:00,on_train_begin,StrongREJECT,,Llama-3.2-3B-Instruct-20260422T043126Z-pid3949312,,,,0,0,0.0,overall_score,0.03834553956985474
2026-04-22T04:33:54.933417+00:00,on_train_begin,StrongREJECT,,Llama-3.2-3B-Instruct-20260422T043126Z-pid3949312,,,,0,0,0.0,extra/train/global_step,0
2026-04-22T04:33:54.933417+00:00,on_train_begin,StrongREJECT,,Llama-3.2-3B-Instruct-20260422T043126Z-pid3949312,,,,0,0,0.0,extra/train/epoch,0
2026-04-22T04:34:25.248837+00:00,on_evaluate,StrongREJECT,,Llama-3.2-11B-Vision-Instruct-20260422T041819Z-pid3114566,,,,2500,2,2.0,refusal,
2026-04-22T04:34:25.248837+00:00,on_evaluate,StrongREJECT,,Llama-3.2-11B-Vision-Instruct-20260422T041819Z-pid3114566,,,,2500,2,2.0,convincing,
2026-04-22T04:34:25.248837+00:00,on_evaluate,StrongREJECT,,Llama-3.2-11B-Vision-Instruct-20260422T041819Z-pid3114566,,,,2500,2,2.0,specific,
2026-04-22T04:34:25.248837+00:00,on_evaluate,StrongREJECT,,Llama-3.2-11B-Vision-Instruct-20260422T041819Z-pid3114566,,,,2500,2,2.0,overall_score,0.6595579147338867
2026-04-22T04:34:25.676148+00:00,on_evaluate,StrongREJECT,,gemma-3-27b-it-20260422T040721Z-pid1768920,,,,1250,1,1.0,refusal,
2026-04-22T04:34:25.676148+00:00,on_evaluate,StrongREJECT,,gemma-3-27b-it-20260422T040721Z-pid1768920,,,,1250,1,1.0,convincing,
2026-04-22T04:34:25.676148+00:00,on_evaluate,StrongREJECT,,gemma-3-27b-it-20260422T040721Z-pid1768920,,,,1250,1,1.0,specific,
2026-04-22T04:34:25.676148+00:00,on_evaluate,StrongREJECT,,gemma-3-27b-it-20260422T040721Z-pid1768920,,,,1250,1,1.0,overall_score,0.03890687624613444
2026-04-22T04:35:26.456690+00:00,on_evaluate,StrongREJECT,,gemma-3-12b-it-20260422T040616Z-pid12730,,,,1250,1,1.0,refusal,
2026-04-22T04:35:26.456690+00:00,on_evaluate,StrongREJECT,,gemma-3-12b-it-20260422T040616Z-pid12730,,,,1250,1,1.0,convincing,
2026-04-22T04:35:26.456690+00:00,on_evaluate,StrongREJECT,,gemma-3-12b-it-20260422T040616Z-pid12730,,,,1250,1,1.0,specific,
2026-04-22T04:35:26.456690+00:00,on_evaluate,StrongREJECT,,gemma-3-12b-it-20260422T040616Z-pid12730,,,,1250,1,1.0,overall_score,0.03850262959798177
2026-04-22T04:38:38.154284+00:00,on_train_begin,StrongREJECT,,gemma-3-4b-it-20260422T043126Z-pid3949311,,,,0,0,0.0,refusal,
2026-04-22T04:38:38.154284+00:00,on_train_begin,StrongREJECT,,gemma-3-4b-it-20260422T043126Z-pid3949311,,,,0,0,0.0,convincing,
2026-04-22T04:38:38.154284+00:00,on_train_begin,StrongREJECT,,gemma-3-4b-it-20260422T043126Z-pid3949311,,,,0,0,0.0,specific,
2026-04-22T04:38:38.154284+00:00,on_train_begin,StrongREJECT,,gemma-3-4b-it-20260422T043126Z-pid3949311,,,,0,0,0.0,overall_score,0.03850262959798177
2026-04-22T04:38:38.154284+00:00,on_train_begin,StrongREJECT,,gemma-3-4b-it-20260422T043126Z-pid3949311,,,,0,0,0.0,extra/train/global_step,0
2026-04-22T04:38:38.154284+00:00,on_train_begin,StrongREJECT,,gemma-3-4b-it-20260422T043126Z-pid3949311,,,,0,0,0.0,extra/train/epoch,0
2026-04-22T04:39:02.694829+00:00,on_train_begin,StrongREJECT,,Llama-3.2-1B-Instruct-20260422T043724Z-pid3840820,,,,0,0,0.0,refusal,
2026-04-22T04:39:02.694829+00:00,on_train_begin,StrongREJECT,,Llama-3.2-1B-Instruct-20260422T043724Z-pid3840820,,,,0,0,0.0,convincing,
2026-04-22T04:39:02.694829+00:00,on_train_begin,StrongREJECT,,Llama-3.2-1B-Instruct-20260422T043724Z-pid3840820,,,,0,0,0.0,specific,
2026-04-22T04:39:02.694829+00:00,on_train_begin,StrongREJECT,,Llama-3.2-1B-Instruct-20260422T043724Z-pid3840820,,,,0,0,0.0,overall_score,0.03007346987724304
2026-04-22T04:39:02.694829+00:00,on_train_begin,StrongREJECT,,Llama-3.2-1B-Instruct-20260422T043724Z-pid3840820,,,,0,0,0.0,extra/train/global_step,0
2026-04-22T04:39:02.694829+00:00,on_train_begin,StrongREJECT,,Llama-3.2-1B-Instruct-20260422T043724Z-pid3840820,,,,0,0,0.0,extra/train/epoch,0
2026-04-22T04:40:27.900299+00:00,on_evaluate,StrongREJECT,,gemma-3-1b-it-20260422T040616Z-pid12729,,,,3750,3,3.0,refusal,
2026-04-22T04:40:27.900299+00:00,on_evaluate,StrongREJECT,,gemma-3-1b-it-20260422T040616Z-pid12729,,,,3750,3,3.0,convincing,
2026-04-22T04:40:27.900299+00:00,on_evaluate,StrongREJECT,,gemma-3-1b-it-20260422T040616Z-pid12729,,,,3750,3,3.0,specific,
2026-04-22T04:40:27.900299+00:00,on_evaluate,StrongREJECT,,gemma-3-1b-it-20260422T040616Z-pid12729,,,,3750,3,3.0,overall_score,0.2122162381807963
2026-04-22T04:41:26.526194+00:00,on_evaluate,StrongREJECT,,Llama-3.2-11B-Vision-Instruct-20260422T041819Z-pid3114566,,,,3750,3,3.0,refusal,
2026-04-22T04:41:26.526194+00:00,on_evaluate,StrongREJECT,,Llama-3.2-11B-Vision-Instruct-20260422T041819Z-pid3114566,,,,3750,3,3.0,convincing,
2026-04-22T04:41:26.526194+00:00,on_evaluate,StrongREJECT,,Llama-3.2-11B-Vision-Instruct-20260422T041819Z-pid3114566,,,,3750,3,3.0,specific,
2026-04-22T04:41:26.526194+00:00,on_evaluate,StrongREJECT,,Llama-3.2-11B-Vision-Instruct-20260422T041819Z-pid3114566,,,,3750,3,3.0,overall_score,0.6646726449330648
2026-04-22T04:42:03.180081+00:00,on_evaluate,StrongREJECT,,Llama-3.2-3B-Instruct-20260422T043126Z-pid3949312,,,,1250,1,1.0,refusal,
2026-04-22T04:42:03.180081+00:00,on_evaluate,StrongREJECT,,Llama-3.2-3B-Instruct-20260422T043126Z-pid3949312,,,,1250,1,1.0,convincing,
2026-04-22T04:42:03.180081+00:00,on_evaluate,StrongREJECT,,Llama-3.2-3B-Instruct-20260422T043126Z-pid3949312,,,,1250,1,1.0,specific,
2026-04-22T04:42:03.180081+00:00,on_evaluate,StrongREJECT,,Llama-3.2-3B-Instruct-20260422T043126Z-pid3949312,,,,1250,1,1.0,overall_score,0.1533355673154195
2026-04-22T04:44:09.669585+00:00,on_evaluate,StrongREJECT,,Llama-3.2-1B-Instruct-20260422T043724Z-pid3840820,,,,1250,1,1.0,refusal,
2026-04-22T04:44:09.669585+00:00,on_evaluate,StrongREJECT,,Llama-3.2-1B-Instruct-20260422T043724Z-pid3840820,,,,1250,1,1.0,convincing,
2026-04-22T04:44:09.669585+00:00,on_evaluate,StrongREJECT,,Llama-3.2-1B-Instruct-20260422T043724Z-pid3840820,,,,1250,1,1.0,specific,
2026-04-22T04:44:09.669585+00:00,on_evaluate,StrongREJECT,,Llama-3.2-1B-Instruct-20260422T043724Z-pid3840820,,,,1250,1,1.0,overall_score,0.239737602074941
2026-04-22T04:48:30.211498+00:00,on_evaluate,StrongREJECT,,Llama-3.2-11B-Vision-Instruct-20260422T041819Z-pid3114566,,,,5000,4,4.0,refusal,
2026-04-22T04:48:30.211498+00:00,on_evaluate,StrongREJECT,,Llama-3.2-11B-Vision-Instruct-20260422T041819Z-pid3114566,,,,5000,4,4.0,convincing,
2026-04-22T04:48:30.211498+00:00,on_evaluate,StrongREJECT,,Llama-3.2-11B-Vision-Instruct-20260422T041819Z-pid3114566,,,,5000,4,4.0,specific,
2026-04-22T04:48:30.211498+00:00,on_evaluate,StrongREJECT,,Llama-3.2-11B-Vision-Instruct-20260422T041819Z-pid3114566,,,,5000,4,4.0,overall_score,0.6615370909372965
2026-04-22T04:49:41.703854+00:00,on_evaluate,StrongREJECT,,Llama-3.2-1B-Instruct-20260422T043724Z-pid3840820,,,,2500,2,2.0,refusal,
2026-04-22T04:49:41.703854+00:00,on_evaluate,StrongREJECT,,Llama-3.2-1B-Instruct-20260422T043724Z-pid3840820,,,,2500,2,2.0,convincing,
2026-04-22T04:49:41.703854+00:00,on_evaluate,StrongREJECT,,Llama-3.2-1B-Instruct-20260422T043724Z-pid3840820,,,,2500,2,2.0,specific,
2026-04-22T04:49:41.703854+00:00,on_evaluate,StrongREJECT,,Llama-3.2-1B-Instruct-20260422T043724Z-pid3840820,,,,2500,2,2.0,overall_score,0.36211774349212644
2026-04-22T04:50:11.229470+00:00,on_evaluate,StrongREJECT,,gemma-3-1b-it-20260422T040616Z-pid12729,,,,5000,4,4.0,refusal,
2026-04-22T04:50:11.229470+00:00,on_evaluate,StrongREJECT,,gemma-3-1b-it-20260422T040616Z-pid12729,,,,5000,4,4.0,convincing,
2026-04-22T04:50:11.229470+00:00,on_evaluate,StrongREJECT,,gemma-3-1b-it-20260422T040616Z-pid12729,,,,5000,4,4.0,specific,
2026-04-22T04:50:11.229470+00:00,on_evaluate,StrongREJECT,,gemma-3-1b-it-20260422T040616Z-pid12729,,,,5000,4,4.0,overall_score,0.2608381489912669
2026-04-22T04:50:51.728812+00:00,on_evaluate,StrongREJECT,,Llama-3.2-3B-Instruct-20260422T043126Z-pid3949312,,,,2500,2,2.0,refusal,
2026-04-22T04:50:51.728812+00:00,on_evaluate,StrongREJECT,,Llama-3.2-3B-Instruct-20260422T043126Z-pid3949312,,,,2500,2,2.0,convincing,
2026-04-22T04:50:51.728812+00:00,on_evaluate,StrongREJECT,,Llama-3.2-3B-Instruct-20260422T043126Z-pid3949312,,,,2500,2,2.0,specific,
2026-04-22T04:50:51.728812+00:00,on_evaluate,StrongREJECT,,Llama-3.2-3B-Instruct-20260422T043126Z-pid3949312,,,,2500,2,2.0,overall_score,0.3782748579978943
2026-04-22T04:52:33.485878+00:00,on_evaluate,StrongREJECT,,gemma-3-27b-it-20260422T040721Z-pid1768920,,,,2500,2,2.0,refusal,
2026-04-22T04:52:33.485878+00:00,on_evaluate,StrongREJECT,,gemma-3-27b-it-20260422T040721Z-pid1768920,,,,2500,2,2.0,convincing,
2026-04-22T04:52:33.485878+00:00,on_evaluate,StrongREJECT,,gemma-3-27b-it-20260422T040721Z-pid1768920,,,,2500,2,2.0,specific,
2026-04-22T04:52:33.485878+00:00,on_evaluate,StrongREJECT,,gemma-3-27b-it-20260422T040721Z-pid1768920,,,,2500,2,2.0,overall_score,0.03890687624613444
2026-04-22T04:53:17.195047+00:00,on_evaluate,StrongREJECT,,gemma-3-4b-it-20260422T043126Z-pid3949311,,,,1250,1,1.0,refusal,
2026-04-22T04:53:17.195047+00:00,on_evaluate,StrongREJECT,,gemma-3-4b-it-20260422T043126Z-pid3949311,,,,1250,1,1.0,convincing,
2026-04-22T04:53:17.195047+00:00,on_evaluate,StrongREJECT,,gemma-3-4b-it-20260422T043126Z-pid3949311,,,,1250,1,1.0,specific,
2026-04-22T04:53:17.195047+00:00,on_evaluate,StrongREJECT,,gemma-3-4b-it-20260422T043126Z-pid3949311,,,,1250,1,1.0,overall_score,0.03850262959798177
2026-04-22T04:55:08.445649+00:00,on_evaluate,StrongREJECT,,Llama-3.2-1B-Instruct-20260422T043724Z-pid3840820,,,,3750,3,3.0,refusal,
2026-04-22T04:55:08.445649+00:00,on_evaluate,StrongREJECT,,Llama-3.2-1B-Instruct-20260422T043724Z-pid3840820,,,,3750,3,3.0,convincing,
2026-04-22T04:55:08.445649+00:00,on_evaluate,StrongREJECT,,Llama-3.2-1B-Instruct-20260422T043724Z-pid3840820,,,,3750,3,3.0,specific,
2026-04-22T04:55:08.445649+00:00,on_evaluate,StrongREJECT,,Llama-3.2-1B-Instruct-20260422T043724Z-pid3840820,,,,3750,3,3.0,overall_score,0.36118454138437905
2026-04-22T04:55:10.270564+00:00,on_evaluate,StrongREJECT,,gemma-3-12b-it-20260422T040616Z-pid12730,,,,2500,2,2.0,refusal,
2026-04-22T04:55:10.270564+00:00,on_evaluate,StrongREJECT,,gemma-3-12b-it-20260422T040616Z-pid12730,,,,2500,2,2.0,convincing,
2026-04-22T04:55:10.270564+00:00,on_evaluate,StrongREJECT,,gemma-3-12b-it-20260422T040616Z-pid12730,,,,2500,2,2.0,specific,
2026-04-22T04:55:10.270564+00:00,on_evaluate,StrongREJECT,,gemma-3-12b-it-20260422T040616Z-pid12730,,,,2500,2,2.0,overall_score,0.03850262959798177
2026-04-22T04:55:33.183545+00:00,on_evaluate,StrongREJECT,,Llama-3.2-11B-Vision-Instruct-20260422T041819Z-pid3114566,,,,6250,5,5.0,refusal,
2026-04-22T04:55:33.183545+00:00,on_evaluate,StrongREJECT,,Llama-3.2-11B-Vision-Instruct-20260422T041819Z-pid3114566,,,,6250,5,5.0,convincing,
2026-04-22T04:55:33.183545+00:00,on_evaluate,StrongREJECT,,Llama-3.2-11B-Vision-Instruct-20260422T041819Z-pid3114566,,,,6250,5,5.0,specific,
2026-04-22T04:55:33.183545+00:00,on_evaluate,StrongREJECT,,Llama-3.2-11B-Vision-Instruct-20260422T041819Z-pid3114566,,,,6250,5,5.0,overall_score,0.6354048093159993
2026-04-22T04:59:32.580323+00:00,on_evaluate,StrongREJECT,,Llama-3.2-3B-Instruct-20260422T043126Z-pid3949312,,,,3750,3,3.0,refusal,
2026-04-22T04:59:32.580323+00:00,on_evaluate,StrongREJECT,,Llama-3.2-3B-Instruct-20260422T043126Z-pid3949312,,,,3750,3,3.0,convincing,
2026-04-22T04:59:32.580323+00:00,on_evaluate,StrongREJECT,,Llama-3.2-3B-Instruct-20260422T043126Z-pid3949312,,,,3750,3,3.0,specific,
2026-04-22T04:59:32.580323+00:00,on_evaluate,StrongREJECT,,Llama-3.2-3B-Instruct-20260422T043126Z-pid3949312,,,,3750,3,3.0,overall_score,0.4242747982343038
2026-04-22T05:00:19.630294+00:00,on_evaluate,StrongREJECT,,gemma-3-1b-it-20260422T040616Z-pid12729,,,,6250,5,5.0,refusal,
2026-04-22T05:00:19.630294+00:00,on_evaluate,StrongREJECT,,gemma-3-1b-it-20260422T040616Z-pid12729,,,,6250,5,5.0,convincing,
2026-04-22T05:00:19.630294+00:00,on_evaluate,StrongREJECT,,gemma-3-1b-it-20260422T040616Z-pid12729,,,,6250,5,5.0,specific,
2026-04-22T05:00:19.630294+00:00,on_evaluate,StrongREJECT,,gemma-3-1b-it-20260422T040616Z-pid12729,,,,6250,5,5.0,overall_score,0.2507294257481893
2026-04-22T05:00:38.537284+00:00,on_evaluate,StrongREJECT,,Llama-3.2-1B-Instruct-20260422T043724Z-pid3840820,,,,5000,4,4.0,refusal,
2026-04-22T05:00:38.537284+00:00,on_evaluate,StrongREJECT,,Llama-3.2-1B-Instruct-20260422T043724Z-pid3840820,,,,5000,4,4.0,convincing,
2026-04-22T05:00:38.537284+00:00,on_evaluate,StrongREJECT,,Llama-3.2-1B-Instruct-20260422T043724Z-pid3840820,,,,5000,4,4.0,specific,
2026-04-22T05:00:38.537284+00:00,on_evaluate,StrongREJECT,,Llama-3.2-1B-Instruct-20260422T043724Z-pid3840820,,,,5000,4,4.0,overall_score,0.3759543180465698
2026-04-22T05:08:06.165830+00:00,on_evaluate,StrongREJECT,,gemma-3-4b-it-20260422T043126Z-pid3949311,,,,2500,2,2.0,refusal,
2026-04-22T05:08:06.165830+00:00,on_evaluate,StrongREJECT,,gemma-3-4b-it-20260422T043126Z-pid3949311,,,,2500,2,2.0,convincing,
2026-04-22T05:08:06.165830+00:00,on_evaluate,StrongREJECT,,gemma-3-4b-it-20260422T043126Z-pid3949311,,,,2500,2,2.0,specific,
2026-04-22T05:08:06.165830+00:00,on_evaluate,StrongREJECT,,gemma-3-4b-it-20260422T043126Z-pid3949311,,,,2500,2,2.0,overall_score,0.03850262959798177
2026-04-22T05:08:26.210920+00:00,on_evaluate,StrongREJECT,,Llama-3.2-3B-Instruct-20260422T043126Z-pid3949312,,,,5000,4,4.0,refusal,
2026-04-22T05:08:26.210920+00:00,on_evaluate,StrongREJECT,,Llama-3.2-3B-Instruct-20260422T043126Z-pid3949312,,,,5000,4,4.0,convincing,
2026-04-22T05:08:26.210920+00:00,on_evaluate,StrongREJECT,,Llama-3.2-3B-Instruct-20260422T043126Z-pid3949312,,,,5000,4,4.0,specific,
2026-04-22T05:08:26.210920+00:00,on_evaluate,StrongREJECT,,Llama-3.2-3B-Instruct-20260422T043126Z-pid3949312,,,,5000,4,4.0,overall_score,0.49421581824620564
2026-04-22T05:10:33.659636+00:00,on_evaluate,StrongREJECT,,gemma-3-27b-it-20260422T040721Z-pid1768920,,,,3750,3,3.0,refusal,
2026-04-22T05:10:33.659636+00:00,on_evaluate,StrongREJECT,,gemma-3-27b-it-20260422T040721Z-pid1768920,,,,3750,3,3.0,convincing,
2026-04-22T05:10:33.659636+00:00,on_evaluate,StrongREJECT,,gemma-3-27b-it-20260422T040721Z-pid1768920,,,,3750,3,3.0,specific,
2026-04-22T05:10:33.659636+00:00,on_evaluate,StrongREJECT,,gemma-3-27b-it-20260422T040721Z-pid1768920,,,,3750,3,3.0,overall_score,0.03890687624613444
2026-04-22T05:11:20.041504+00:00,on_train_begin,StrongREJECT,,Llama-3.2-1B-Instruct-20260422T050944Z-pid14452,,,,0,0,0.0,refusal,
2026-04-22T05:11:20.041504+00:00,on_train_begin,StrongREJECT,,Llama-3.2-1B-Instruct-20260422T050944Z-pid14452,,,,0,0,0.0,convincing,
2026-04-22T05:11:20.041504+00:00,on_train_begin,StrongREJECT,,Llama-3.2-1B-Instruct-20260422T050944Z-pid14452,,,,0,0,0.0,specific,
2026-04-22T05:11:20.041504+00:00,on_train_begin,StrongREJECT,,Llama-3.2-1B-Instruct-20260422T050944Z-pid14452,,,,0,0,0.0,overall_score,0.03007346987724304
2026-04-22T05:11:20.041504+00:00,on_train_begin,StrongREJECT,,Llama-3.2-1B-Instruct-20260422T050944Z-pid14452,,,,0,0,0.0,extra/train/global_step,0
2026-04-22T05:11:20.041504+00:00,on_train_begin,StrongREJECT,,Llama-3.2-1B-Instruct-20260422T050944Z-pid14452,,,,0,0,0.0,extra/train/epoch,0
2026-04-22T05:14:46.690052+00:00,on_evaluate,StrongREJECT,,gemma-3-12b-it-20260422T040616Z-pid12730,,,,3750,3,3.0,refusal,
2026-04-22T05:14:46.690052+00:00,on_evaluate,StrongREJECT,,gemma-3-12b-it-20260422T040616Z-pid12730,,,,3750,3,3.0,convincing,
2026-04-22T05:14:46.690052+00:00,on_evaluate,StrongREJECT,,gemma-3-12b-it-20260422T040616Z-pid12730,,,,3750,3,3.0,specific,
2026-04-22T05:14:46.690052+00:00,on_evaluate,StrongREJECT,,gemma-3-12b-it-20260422T040616Z-pid12730,,,,3750,3,3.0,overall_score,0.03850262959798177
2026-04-22T05:16:31.771100+00:00,on_evaluate,StrongREJECT,,Llama-3.2-1B-Instruct-20260422T050944Z-pid14452,,,,1250,1,1.0,refusal,
2026-04-22T05:16:31.771100+00:00,on_evaluate,StrongREJECT,,Llama-3.2-1B-Instruct-20260422T050944Z-pid14452,,,,1250,1,1.0,convincing,
2026-04-22T05:16:31.771100+00:00,on_evaluate,StrongREJECT,,Llama-3.2-1B-Instruct-20260422T050944Z-pid14452,,,,1250,1,1.0,specific,
2026-04-22T05:16:31.771100+00:00,on_evaluate,StrongREJECT,,Llama-3.2-1B-Instruct-20260422T050944Z-pid14452,,,,1250,1,1.0,overall_score,0.239737602074941
2026-04-22T05:16:58.178295+00:00,on_evaluate,StrongREJECT,,Llama-3.2-3B-Instruct-20260422T043126Z-pid3949312,,,,6250,5,5.0,refusal,
2026-04-22T05:16:58.178295+00:00,on_evaluate,StrongREJECT,,Llama-3.2-3B-Instruct-20260422T043126Z-pid3949312,,,,6250,5,5.0,convincing,
2026-04-22T05:16:58.178295+00:00,on_evaluate,StrongREJECT,,Llama-3.2-3B-Instruct-20260422T043126Z-pid3949312,,,,6250,5,5.0,specific,
2026-04-22T05:16:58.178295+00:00,on_evaluate,StrongREJECT,,Llama-3.2-3B-Instruct-20260422T043126Z-pid3949312,,,,6250,5,5.0,overall_score,0.47620369990666706
2026-04-22T05:22:08.704857+00:00,on_evaluate,StrongREJECT,,Llama-3.2-1B-Instruct-20260422T050944Z-pid14452,,,,2500,2,2.0,refusal,
2026-04-22T05:22:08.704857+00:00,on_evaluate,StrongREJECT,,Llama-3.2-1B-Instruct-20260422T050944Z-pid14452,,,,2500,2,2.0,convincing,
2026-04-22T05:22:08.704857+00:00,on_evaluate,StrongREJECT,,Llama-3.2-1B-Instruct-20260422T050944Z-pid14452,,,,2500,2,2.0,specific,
2026-04-22T05:22:08.704857+00:00,on_evaluate,StrongREJECT,,Llama-3.2-1B-Instruct-20260422T050944Z-pid14452,,,,2500,2,2.0,overall_score,0.36211774349212644
2026-04-22T05:22:47.105042+00:00,on_evaluate,StrongREJECT,,gemma-3-4b-it-20260422T043126Z-pid3949311,,,,3750,3,3.0,refusal,
2026-04-22T05:22:47.105042+00:00,on_evaluate,StrongREJECT,,gemma-3-4b-it-20260422T043126Z-pid3949311,,,,3750,3,3.0,convincing,
2026-04-22T05:22:47.105042+00:00,on_evaluate,StrongREJECT,,gemma-3-4b-it-20260422T043126Z-pid3949311,,,,3750,3,3.0,specific,
2026-04-22T05:22:47.105042+00:00,on_evaluate,StrongREJECT,,gemma-3-4b-it-20260422T043126Z-pid3949311,,,,3750,3,3.0,overall_score,0.03850262959798177
2026-04-22T05:27:44.197891+00:00,on_evaluate,StrongREJECT,,Llama-3.2-1B-Instruct-20260422T050944Z-pid14452,,,,3750,3,3.0,refusal,
2026-04-22T05:27:44.197891+00:00,on_evaluate,StrongREJECT,,Llama-3.2-1B-Instruct-20260422T050944Z-pid14452,,,,3750,3,3.0,convincing,
2026-04-22T05:27:44.197891+00:00,on_evaluate,StrongREJECT,,Llama-3.2-1B-Instruct-20260422T050944Z-pid14452,,,,3750,3,3.0,specific,
2026-04-22T05:27:44.197891+00:00,on_evaluate,StrongREJECT,,Llama-3.2-1B-Instruct-20260422T050944Z-pid14452,,,,3750,3,3.0,overall_score,0.36118454138437905
2026-04-22T05:28:39.876494+00:00,on_evaluate,StrongREJECT,,gemma-3-27b-it-20260422T040721Z-pid1768920,,,,5000,4,4.0,refusal,
2026-04-22T05:28:39.876494+00:00,on_evaluate,StrongREJECT,,gemma-3-27b-it-20260422T040721Z-pid1768920,,,,5000,4,4.0,convincing,
2026-04-22T05:28:39.876494+00:00,on_evaluate,StrongREJECT,,gemma-3-27b-it-20260422T040721Z-pid1768920,,,,5000,4,4.0,specific,
2026-04-22T05:28:39.876494+00:00,on_evaluate,StrongREJECT,,gemma-3-27b-it-20260422T040721Z-pid1768920,,,,5000,4,4.0,overall_score,0.03890687624613444
2026-04-22T05:33:20.926199+00:00,on_evaluate,StrongREJECT,,Llama-3.2-1B-Instruct-20260422T050944Z-pid14452,,,,5000,4,4.0,refusal,
2026-04-22T05:33:20.926199+00:00,on_evaluate,StrongREJECT,,Llama-3.2-1B-Instruct-20260422T050944Z-pid14452,,,,5000,4,4.0,convincing,
2026-04-22T05:33:20.926199+00:00,on_evaluate,StrongREJECT,,Llama-3.2-1B-Instruct-20260422T050944Z-pid14452,,,,5000,4,4.0,specific,
2026-04-22T05:33:20.926199+00:00,on_evaluate,StrongREJECT,,Llama-3.2-1B-Instruct-20260422T050944Z-pid14452,,,,5000,4,4.0,overall_score,0.3759543180465698
2026-04-22T05:34:41.276981+00:00,on_evaluate,StrongREJECT,,gemma-3-12b-it-20260422T040616Z-pid12730,,,,5000,4,4.0,refusal,
2026-04-22T05:34:41.276981+00:00,on_evaluate,StrongREJECT,,gemma-3-12b-it-20260422T040616Z-pid12730,,,,5000,4,4.0,convincing,
2026-04-22T05:34:41.276981+00:00,on_evaluate,StrongREJECT,,gemma-3-12b-it-20260422T040616Z-pid12730,,,,5000,4,4.0,specific,
2026-04-22T05:34:41.276981+00:00,on_evaluate,StrongREJECT,,gemma-3-12b-it-20260422T040616Z-pid12730,,,,5000,4,4.0,overall_score,0.03850262959798177
2026-04-22T05:37:36.915304+00:00,on_evaluate,StrongREJECT,,gemma-3-4b-it-20260422T043126Z-pid3949311,,,,5000,4,4.0,refusal,
2026-04-22T05:37:36.915304+00:00,on_evaluate,StrongREJECT,,gemma-3-4b-it-20260422T043126Z-pid3949311,,,,5000,4,4.0,convincing,
2026-04-22T05:37:36.915304+00:00,on_evaluate,StrongREJECT,,gemma-3-4b-it-20260422T043126Z-pid3949311,,,,5000,4,4.0,specific,
2026-04-22T05:37:36.915304+00:00,on_evaluate,StrongREJECT,,gemma-3-4b-it-20260422T043126Z-pid3949311,,,,5000,4,4.0,overall_score,0.03850262959798177
2026-04-22T05:38:50.576105+00:00,on_evaluate,StrongREJECT,,Llama-3.2-1B-Instruct-20260422T050944Z-pid14452,,,,6250,5,5.0,refusal,
2026-04-22T05:38:50.576105+00:00,on_evaluate,StrongREJECT,,Llama-3.2-1B-Instruct-20260422T050944Z-pid14452,,,,6250,5,5.0,convincing,
2026-04-22T05:38:50.576105+00:00,on_evaluate,StrongREJECT,,Llama-3.2-1B-Instruct-20260422T050944Z-pid14452,,,,6250,5,5.0,specific,
2026-04-22T05:38:50.576105+00:00,on_evaluate,StrongREJECT,,Llama-3.2-1B-Instruct-20260422T050944Z-pid14452,,,,6250,5,5.0,overall_score,0.3814364512761434
2026-04-22T05:46:36.188799+00:00,on_evaluate,StrongREJECT,,gemma-3-27b-it-20260422T040721Z-pid1768920,,,,6250,5,5.0,refusal,
2026-04-22T05:46:36.188799+00:00,on_evaluate,StrongREJECT,,gemma-3-27b-it-20260422T040721Z-pid1768920,,,,6250,5,5.0,convincing,
2026-04-22T05:46:36.188799+00:00,on_evaluate,StrongREJECT,,gemma-3-27b-it-20260422T040721Z-pid1768920,,,,6250,5,5.0,specific,
2026-04-22T05:46:36.188799+00:00,on_evaluate,StrongREJECT,,gemma-3-27b-it-20260422T040721Z-pid1768920,,,,6250,5,5.0,overall_score,0.03890687624613444
2026-04-22T05:52:20.510668+00:00,on_evaluate,StrongREJECT,,gemma-3-4b-it-20260422T043126Z-pid3949311,,,,6250,5,5.0,refusal,
2026-04-22T05:52:20.510668+00:00,on_evaluate,StrongREJECT,,gemma-3-4b-it-20260422T043126Z-pid3949311,,,,6250,5,5.0,convincing,
2026-04-22T05:52:20.510668+00:00,on_evaluate,StrongREJECT,,gemma-3-4b-it-20260422T043126Z-pid3949311,,,,6250,5,5.0,specific,
2026-04-22T05:52:20.510668+00:00,on_evaluate,StrongREJECT,,gemma-3-4b-it-20260422T043126Z-pid3949311,,,,6250,5,5.0,overall_score,0.03850262959798177
2026-04-22T05:53:56.670754+00:00,on_evaluate,StrongREJECT,,gemma-3-12b-it-20260422T040616Z-pid12730,,,,6250,5,5.0,refusal,
2026-04-22T05:53:56.670754+00:00,on_evaluate,StrongREJECT,,gemma-3-12b-it-20260422T040616Z-pid12730,,,,6250,5,5.0,convincing,
2026-04-22T05:53:56.670754+00:00,on_evaluate,StrongREJECT,,gemma-3-12b-it-20260422T040616Z-pid12730,,,,6250,5,5.0,specific,
2026-04-22T05:53:56.670754+00:00,on_evaluate,StrongREJECT,,gemma-3-12b-it-20260422T040616Z-pid12730,,,,6250,5,5.0,overall_score,0.03850262959798177
2026-04-22T13:13:36.002266+00:00,on_train_begin,StrongREJECT,,Llama-3.2-1B-Instruct-20260422T131234Z-pid3168633,,,,0,0,0.0,refusal,
2026-04-22T13:13:36.002266+00:00,on_train_begin,StrongREJECT,,Llama-3.2-1B-Instruct-20260422T131234Z-pid3168633,,,,0,0,0.0,convincing,
2026-04-22T13:13:36.002266+00:00,on_train_begin,StrongREJECT,,Llama-3.2-1B-Instruct-20260422T131234Z-pid3168633,,,,0,0,0.0,specific,
2026-04-22T13:13:36.002266+00:00,on_train_begin,StrongREJECT,,Llama-3.2-1B-Instruct-20260422T131234Z-pid3168633,,,,0,0,0.0,overall_score,0.030261321862538656
2026-04-22T13:13:36.002266+00:00,on_train_begin,StrongREJECT,,Llama-3.2-1B-Instruct-20260422T131234Z-pid3168633,,,,0,0,0.0,extra/train/global_step,0
2026-04-22T13:13:36.002266+00:00,on_train_begin,StrongREJECT,,Llama-3.2-1B-Instruct-20260422T131234Z-pid3168633,,,,0,0,0.0,extra/train/epoch,0
2026-04-22T13:14:04.164359+00:00,on_train_begin,StrongREJECT,,Llama-3.2-3B-Instruct-20260422T131234Z-pid3168632,,,,0,0,0.0,refusal,
2026-04-22T13:14:04.164359+00:00,on_train_begin,StrongREJECT,,Llama-3.2-3B-Instruct-20260422T131234Z-pid3168632,,,,0,0,0.0,convincing,
2026-04-22T13:14:04.164359+00:00,on_train_begin,StrongREJECT,,Llama-3.2-3B-Instruct-20260422T131234Z-pid3168632,,,,0,0,0.0,specific,
2026-04-22T13:14:04.164359+00:00,on_train_begin,StrongREJECT,,Llama-3.2-3B-Instruct-20260422T131234Z-pid3168632,,,,0,0,0.0,overall_score,0.0388742725054423
2026-04-22T13:14:04.164359+00:00,on_train_begin,StrongREJECT,,Llama-3.2-3B-Instruct-20260422T131234Z-pid3168632,,,,0,0,0.0,extra/train/global_step,0
2026-04-22T13:14:04.164359+00:00,on_train_begin,StrongREJECT,,Llama-3.2-3B-Instruct-20260422T131234Z-pid3168632,,,,0,0,0.0,extra/train/epoch,0
2026-04-22T13:14:57.575747+00:00,on_train_begin,StrongREJECT,,Llama-3.2-11B-Vision-Instruct-20260422T131257Z-pid425073,,,,0,0,0.0,refusal,
2026-04-22T13:14:57.575747+00:00,on_train_begin,StrongREJECT,,Llama-3.2-11B-Vision-Instruct-20260422T131257Z-pid425073,,,,0,0,0.0,convincing,
2026-04-22T13:14:57.575747+00:00,on_train_begin,StrongREJECT,,Llama-3.2-11B-Vision-Instruct-20260422T131257Z-pid425073,,,,0,0,0.0,specific,
2026-04-22T13:14:57.575747+00:00,on_train_begin,StrongREJECT,,Llama-3.2-11B-Vision-Instruct-20260422T131257Z-pid425073,,,,0,0,0.0,overall_score,0.020100784301757813
2026-04-22T13:14:57.575747+00:00,on_train_begin,StrongREJECT,,Llama-3.2-11B-Vision-Instruct-20260422T131257Z-pid425073,,,,0,0,0.0,extra/train/global_step,0
2026-04-22T13:14:57.575747+00:00,on_train_begin,StrongREJECT,,Llama-3.2-11B-Vision-Instruct-20260422T131257Z-pid425073,,,,0,0,0.0,extra/train/epoch,0
2026-04-22T13:16:44.685707+00:00,on_evaluate,StrongREJECT,,Llama-3.2-1B-Instruct-20260422T131234Z-pid3168633,,,,1250,1,1.0,refusal,
2026-04-22T13:16:44.685707+00:00,on_evaluate,StrongREJECT,,Llama-3.2-1B-Instruct-20260422T131234Z-pid3168633,,,,1250,1,1.0,convincing,
2026-04-22T13:16:44.685707+00:00,on_evaluate,StrongREJECT,,Llama-3.2-1B-Instruct-20260422T131234Z-pid3168633,,,,1250,1,1.0,specific,
2026-04-22T13:16:44.685707+00:00,on_evaluate,StrongREJECT,,Llama-3.2-1B-Instruct-20260422T131234Z-pid3168633,,,,1250,1,1.0,overall_score,0.24390224615732828
2026-04-22T13:17:25.970551+00:00,on_train_begin,StrongREJECT,,gemma-4-E4B-it-20260422T131257Z-pid2062285,,,,0,0,0.0,refusal,
2026-04-22T13:17:25.970551+00:00,on_train_begin,StrongREJECT,,gemma-4-E4B-it-20260422T131257Z-pid2062285,,,,0,0,0.0,convincing,
2026-04-22T13:17:25.970551+00:00,on_train_begin,StrongREJECT,,gemma-4-E4B-it-20260422T131257Z-pid2062285,,,,0,0,0.0,specific,
2026-04-22T13:17:25.970551+00:00,on_train_begin,StrongREJECT,,gemma-4-E4B-it-20260422T131257Z-pid2062285,,,,0,0,0.0,overall_score,0.044977738459904985
2026-04-22T13:17:25.970551+00:00,on_train_begin,StrongREJECT,,gemma-4-E4B-it-20260422T131257Z-pid2062285,,,,0,0,0.0,extra/train/global_step,0
2026-04-22T13:17:25.970551+00:00,on_train_begin,StrongREJECT,,gemma-4-E4B-it-20260422T131257Z-pid2062285,,,,0,0,0.0,extra/train/epoch,0
2026-04-22T13:17:34.696124+00:00,on_train_begin,StrongREJECT,,gemma-4-E2B-it-20260422T131254Z-pid1839272,,,,0,0,0.0,refusal,
2026-04-22T13:17:34.696124+00:00,on_train_begin,StrongREJECT,,gemma-4-E2B-it-20260422T131254Z-pid1839272,,,,0,0,0.0,convincing,
2026-04-22T13:17:34.696124+00:00,on_train_begin,StrongREJECT,,gemma-4-E2B-it-20260422T131254Z-pid1839272,,,,0,0,0.0,specific,
2026-04-22T13:17:34.696124+00:00,on_train_begin,StrongREJECT,,gemma-4-E2B-it-20260422T131254Z-pid1839272,,,,0,0,0.0,overall_score,0.10300442775090536
2026-04-22T13:17:34.696124+00:00,on_train_begin,StrongREJECT,,gemma-4-E2B-it-20260422T131254Z-pid1839272,,,,0,0,0.0,extra/train/global_step,0
2026-04-22T13:17:34.696124+00:00,on_train_begin,StrongREJECT,,gemma-4-E2B-it-20260422T131254Z-pid1839272,,,,0,0,0.0,extra/train/epoch,0
2026-04-22T13:18:10.843281+00:00,on_train_begin,StrongREJECT,,gemma-3-1b-it-20260422T131254Z-pid778117,,,,0,0,0.0,refusal,
2026-04-22T13:18:10.843281+00:00,on_train_begin,StrongREJECT,,gemma-3-1b-it-20260422T131254Z-pid778117,,,,0,0,0.0,convincing,
2026-04-22T13:18:10.843281+00:00,on_train_begin,StrongREJECT,,gemma-3-1b-it-20260422T131254Z-pid778117,,,,0,0,0.0,specific,
2026-04-22T13:18:10.843281+00:00,on_train_begin,StrongREJECT,,gemma-3-1b-it-20260422T131254Z-pid778117,,,,0,0,0.0,overall_score,0.04764714241027832
2026-04-22T13:18:10.843281+00:00,on_train_begin,StrongREJECT,,gemma-3-1b-it-20260422T131254Z-pid778117,,,,0,0,0.0,extra/train/global_step,0
2026-04-22T13:18:10.843281+00:00,on_train_begin,StrongREJECT,,gemma-3-1b-it-20260422T131254Z-pid778117,,,,0,0,0.0,extra/train/epoch,0
2026-04-22T13:18:40.082965+00:00,on_train_begin,StrongREJECT,,gemma-3-27b-it-20260422T131257Z-pid2062287,,,,0,0,0.0,refusal,
2026-04-22T13:18:40.082965+00:00,on_train_begin,StrongREJECT,,gemma-3-27b-it-20260422T131257Z-pid2062287,,,,0,0,0.0,convincing,
2026-04-22T13:18:40.082965+00:00,on_train_begin,StrongREJECT,,gemma-3-27b-it-20260422T131257Z-pid2062287,,,,0,0,0.0,specific,
2026-04-22T13:18:40.082965+00:00,on_train_begin,StrongREJECT,,gemma-3-27b-it-20260422T131257Z-pid2062287,,,,0,0,0.0,overall_score,0.03890687624613444
2026-04-22T13:18:40.082965+00:00,on_train_begin,StrongREJECT,,gemma-3-27b-it-20260422T131257Z-pid2062287,,,,0,0,0.0,extra/train/global_step,0
2026-04-22T13:18:40.082965+00:00,on_train_begin,StrongREJECT,,gemma-3-27b-it-20260422T131257Z-pid2062287,,,,0,0,0.0,extra/train/epoch,0
2026-04-22T13:18:59.892572+00:00,on_train_begin,StrongREJECT,,gemma-4-31B-it-20260422T131257Z-pid2062284,,,,0,0,0.0,refusal,
2026-04-22T13:18:59.892572+00:00,on_train_begin,StrongREJECT,,gemma-4-31B-it-20260422T131257Z-pid2062284,,,,0,0,0.0,convincing,
2026-04-22T13:18:59.892572+00:00,on_train_begin,StrongREJECT,,gemma-4-31B-it-20260422T131257Z-pid2062284,,,,0,0,0.0,specific,
2026-04-22T13:18:59.892572+00:00,on_train_begin,StrongREJECT,,gemma-4-31B-it-20260422T131257Z-pid2062284,,,,0,0,0.0,overall_score,0.04986228148142497
2026-04-22T13:18:59.892572+00:00,on_train_begin,StrongREJECT,,gemma-4-31B-it-20260422T131257Z-pid2062284,,,,0,0,0.0,extra/train/global_step,0
2026-04-22T13:18:59.892572+00:00,on_train_begin,StrongREJECT,,gemma-4-31B-it-20260422T131257Z-pid2062284,,,,0,0,0.0,extra/train/epoch,0
2026-04-22T13:19:09.102358+00:00,on_evaluate,StrongREJECT,,Llama-3.2-3B-Instruct-20260422T131234Z-pid3168632,,,,1250,1,1.0,refusal,
2026-04-22T13:19:09.102358+00:00,on_evaluate,StrongREJECT,,Llama-3.2-3B-Instruct-20260422T131234Z-pid3168632,,,,1250,1,1.0,convincing,
2026-04-22T13:19:09.102358+00:00,on_evaluate,StrongREJECT,,Llama-3.2-3B-Instruct-20260422T131234Z-pid3168632,,,,1250,1,1.0,specific,
2026-04-22T13:19:09.102358+00:00,on_evaluate,StrongREJECT,,Llama-3.2-3B-Instruct-20260422T131234Z-pid3168632,,,,1250,1,1.0,overall_score,0.16712569793065388
2026-04-22T13:19:57.156329+00:00,on_train_begin,StrongREJECT,,gemma-3-4b-it-20260422T131257Z-pid2760870,,,,0,0,0.0,refusal,
2026-04-22T13:19:57.156329+00:00,on_train_begin,StrongREJECT,,gemma-3-4b-it-20260422T131257Z-pid2760870,,,,0,0,0.0,convincing,
2026-04-22T13:19:57.156329+00:00,on_train_begin,StrongREJECT,,gemma-3-4b-it-20260422T131257Z-pid2760870,,,,0,0,0.0,specific,
2026-04-22T13:19:57.156329+00:00,on_train_begin,StrongREJECT,,gemma-3-4b-it-20260422T131257Z-pid2760870,,,,0,0,0.0,overall_score,0.03850262959798177
2026-04-22T13:19:57.156329+00:00,on_train_begin,StrongREJECT,,gemma-3-4b-it-20260422T131257Z-pid2760870,,,,0,0,0.0,extra/train/global_step,0
2026-04-22T13:19:57.156329+00:00,on_train_begin,StrongREJECT,,gemma-3-4b-it-20260422T131257Z-pid2760870,,,,0,0,0.0,extra/train/epoch,0
2026-04-22T13:20:07.023370+00:00,on_evaluate,StrongREJECT,,Llama-3.2-1B-Instruct-20260422T131234Z-pid3168633,,,,2500,2,2.0,refusal,
2026-04-22T13:20:07.023370+00:00,on_evaluate,StrongREJECT,,Llama-3.2-1B-Instruct-20260422T131234Z-pid3168633,,,,2500,2,2.0,convincing,
2026-04-22T13:20:07.023370+00:00,on_evaluate,StrongREJECT,,Llama-3.2-1B-Instruct-20260422T131234Z-pid3168633,,,,2500,2,2.0,specific,
2026-04-22T13:20:07.023370+00:00,on_evaluate,StrongREJECT,,Llama-3.2-1B-Instruct-20260422T131234Z-pid3168633,,,,2500,2,2.0,overall_score,0.3370870629946391
2026-04-22T13:22:08.871814+00:00,on_evaluate,StrongREJECT,,Llama-3.2-11B-Vision-Instruct-20260422T131257Z-pid425073,,,,1250,1,1.0,refusal,
2026-04-22T13:22:08.871814+00:00,on_evaluate,StrongREJECT,,Llama-3.2-11B-Vision-Instruct-20260422T131257Z-pid425073,,,,1250,1,1.0,convincing,
2026-04-22T13:22:08.871814+00:00,on_evaluate,StrongREJECT,,Llama-3.2-11B-Vision-Instruct-20260422T131257Z-pid425073,,,,1250,1,1.0,specific,
2026-04-22T13:22:08.871814+00:00,on_evaluate,StrongREJECT,,Llama-3.2-11B-Vision-Instruct-20260422T131257Z-pid425073,,,,1250,1,1.0,overall_score,0.5220331033070882
2026-04-22T13:22:45.412178+00:00,on_train_begin,StrongREJECT,,gemma-3-12b-it-20260422T131257Z-pid1105774,,,,0,0,0.0,refusal,
2026-04-22T13:22:45.412178+00:00,on_train_begin,StrongREJECT,,gemma-3-12b-it-20260422T131257Z-pid1105774,,,,0,0,0.0,convincing,
2026-04-22T13:22:45.412178+00:00,on_train_begin,StrongREJECT,,gemma-3-12b-it-20260422T131257Z-pid1105774,,,,0,0,0.0,specific,
2026-04-22T13:22:45.412178+00:00,on_train_begin,StrongREJECT,,gemma-3-12b-it-20260422T131257Z-pid1105774,,,,0,0,0.0,overall_score,0.03850262959798177
2026-04-22T13:22:45.412178+00:00,on_train_begin,StrongREJECT,,gemma-3-12b-it-20260422T131257Z-pid1105774,,,,0,0,0.0,extra/train/global_step,0
2026-04-22T13:22:45.412178+00:00,on_train_begin,StrongREJECT,,gemma-3-12b-it-20260422T131257Z-pid1105774,,,,0,0,0.0,extra/train/epoch,0
2026-04-22T13:23:29.230877+00:00,on_evaluate,StrongREJECT,,Llama-3.2-1B-Instruct-20260422T131234Z-pid3168633,,,,3750,3,3.0,refusal,
2026-04-22T13:23:29.230877+00:00,on_evaluate,StrongREJECT,,Llama-3.2-1B-Instruct-20260422T131234Z-pid3168633,,,,3750,3,3.0,convincing,
2026-04-22T13:23:29.230877+00:00,on_evaluate,StrongREJECT,,Llama-3.2-1B-Instruct-20260422T131234Z-pid3168633,,,,3750,3,3.0,specific,
2026-04-22T13:23:29.230877+00:00,on_evaluate,StrongREJECT,,Llama-3.2-1B-Instruct-20260422T131234Z-pid3168633,,,,3750,3,3.0,overall_score,0.36468706130981443
2026-04-22T13:24:42.868742+00:00,on_evaluate,StrongREJECT,,Llama-3.2-3B-Instruct-20260422T131234Z-pid3168632,,,,2500,2,2.0,refusal,
2026-04-22T13:24:42.868742+00:00,on_evaluate,StrongREJECT,,Llama-3.2-3B-Instruct-20260422T131234Z-pid3168632,,,,2500,2,2.0,convincing,
2026-04-22T13:24:42.868742+00:00,on_evaluate,StrongREJECT,,Llama-3.2-3B-Instruct-20260422T131234Z-pid3168632,,,,2500,2,2.0,specific,
2026-04-22T13:24:42.868742+00:00,on_evaluate,StrongREJECT,,Llama-3.2-3B-Instruct-20260422T131234Z-pid3168632,,,,2500,2,2.0,overall_score,0.4116339166959127
2026-04-22T13:25:53.486772+00:00,on_evaluate,StrongREJECT,,gemma-4-E4B-it-20260422T131257Z-pid2062285,,,,1250,1,1.0,refusal,
2026-04-22T13:25:53.486772+00:00,on_evaluate,StrongREJECT,,gemma-4-E4B-it-20260422T131257Z-pid2062285,,,,1250,1,1.0,convincing,
2026-04-22T13:25:53.486772+00:00,on_evaluate,StrongREJECT,,gemma-4-E4B-it-20260422T131257Z-pid2062285,,,,1250,1,1.0,specific,
2026-04-22T13:25:53.486772+00:00,on_evaluate,StrongREJECT,,gemma-4-E4B-it-20260422T131257Z-pid2062285,,,,1250,1,1.0,overall_score,0.44440027872721355
2026-04-22T13:26:53.798246+00:00,on_evaluate,StrongREJECT,,Llama-3.2-1B-Instruct-20260422T131234Z-pid3168633,,,,5000,4,4.0,refusal,
2026-04-22T13:26:53.798246+00:00,on_evaluate,StrongREJECT,,Llama-3.2-1B-Instruct-20260422T131234Z-pid3168633,,,,5000,4,4.0,convincing,
2026-04-22T13:26:53.798246+00:00,on_evaluate,StrongREJECT,,Llama-3.2-1B-Instruct-20260422T131234Z-pid3168633,,,,5000,4,4.0,specific,
2026-04-22T13:26:53.798246+00:00,on_evaluate,StrongREJECT,,Llama-3.2-1B-Instruct-20260422T131234Z-pid3168633,,,,5000,4,4.0,overall_score,0.39451213280359904
2026-04-22T13:27:14.603322+00:00,on_evaluate,StrongREJECT,,gemma-4-E2B-it-20260422T131254Z-pid1839272,,,,1250,1,1.0,refusal,
2026-04-22T13:27:14.603322+00:00,on_evaluate,StrongREJECT,,gemma-4-E2B-it-20260422T131254Z-pid1839272,,,,1250,1,1.0,convincing,
2026-04-22T13:27:14.603322+00:00,on_evaluate,StrongREJECT,,gemma-4-E2B-it-20260422T131254Z-pid1839272,,,,1250,1,1.0,specific,
2026-04-22T13:27:14.603322+00:00,on_evaluate,StrongREJECT,,gemma-4-E2B-it-20260422T131254Z-pid1839272,,,,1250,1,1.0,overall_score,0.22816439469655356
2026-04-22T13:27:39.178396+00:00,on_evaluate,StrongREJECT,,gemma-3-1b-it-20260422T131254Z-pid778117,,,,1250,1,1.0,refusal,
2026-04-22T13:27:39.178396+00:00,on_evaluate,StrongREJECT,,gemma-3-1b-it-20260422T131254Z-pid778117,,,,1250,1,1.0,convincing,
2026-04-22T13:27:39.178396+00:00,on_evaluate,StrongREJECT,,gemma-3-1b-it-20260422T131254Z-pid778117,,,,1250,1,1.0,specific,
2026-04-22T13:27:39.178396+00:00,on_evaluate,StrongREJECT,,gemma-3-1b-it-20260422T131254Z-pid778117,,,,1250,1,1.0,overall_score,0.11322114864985149
2026-04-22T13:29:14.913637+00:00,on_evaluate,StrongREJECT,,Llama-3.2-11B-Vision-Instruct-20260422T131257Z-pid425073,,,,2500,2,2.0,refusal,
2026-04-22T13:29:14.913637+00:00,on_evaluate,StrongREJECT,,Llama-3.2-11B-Vision-Instruct-20260422T131257Z-pid425073,,,,2500,2,2.0,convincing,
2026-04-22T13:29:14.913637+00:00,on_evaluate,StrongREJECT,,Llama-3.2-11B-Vision-Instruct-20260422T131257Z-pid425073,,,,2500,2,2.0,specific,
2026-04-22T13:29:14.913637+00:00,on_evaluate,StrongREJECT,,Llama-3.2-11B-Vision-Instruct-20260422T131257Z-pid425073,,,,2500,2,2.0,overall_score,0.6595579147338867
2026-04-22T13:30:03.976174+00:00,on_evaluate,StrongREJECT,,Llama-3.2-3B-Instruct-20260422T131234Z-pid3168632,,,,3750,3,3.0,refusal,
2026-04-22T13:30:03.976174+00:00,on_evaluate,StrongREJECT,,Llama-3.2-3B-Instruct-20260422T131234Z-pid3168632,,,,3750,3,3.0,convincing,
2026-04-22T13:30:03.976174+00:00,on_evaluate,StrongREJECT,,Llama-3.2-3B-Instruct-20260422T131234Z-pid3168632,,,,3750,3,3.0,specific,
2026-04-22T13:30:03.976174+00:00,on_evaluate,StrongREJECT,,Llama-3.2-3B-Instruct-20260422T131234Z-pid3168632,,,,3750,3,3.0,overall_score,0.4679438312848409
2026-04-22T13:30:17.656218+00:00,on_evaluate,StrongREJECT,,Llama-3.2-1B-Instruct-20260422T131234Z-pid3168633,,,,6250,5,5.0,refusal,
2026-04-22T13:30:17.656218+00:00,on_evaluate,StrongREJECT,,Llama-3.2-1B-Instruct-20260422T131234Z-pid3168633,,,,6250,5,5.0,convincing,
2026-04-22T13:30:17.656218+00:00,on_evaluate,StrongREJECT,,Llama-3.2-1B-Instruct-20260422T131234Z-pid3168633,,,,6250,5,5.0,specific,
2026-04-22T13:30:17.656218+00:00,on_evaluate,StrongREJECT,,Llama-3.2-1B-Instruct-20260422T131234Z-pid3168633,,,,6250,5,5.0,overall_score,0.3965621550877889
2026-04-22T13:33:08.329311+00:00,on_evaluate,StrongREJECT,,gemma-3-27b-it-20260422T131257Z-pid2062287,,,,1250,1,1.0,refusal,
2026-04-22T13:33:08.329311+00:00,on_evaluate,StrongREJECT,,gemma-3-27b-it-20260422T131257Z-pid2062287,,,,1250,1,1.0,convincing,
2026-04-22T13:33:08.329311+00:00,on_evaluate,StrongREJECT,,gemma-3-27b-it-20260422T131257Z-pid2062287,,,,1250,1,1.0,specific,
2026-04-22T13:33:08.329311+00:00,on_evaluate,StrongREJECT,,gemma-3-27b-it-20260422T131257Z-pid2062287,,,,1250,1,1.0,overall_score,0.03890687624613444
2026-04-22T13:33:55.345930+00:00,on_evaluate,StrongREJECT,,gemma-3-4b-it-20260422T131257Z-pid2760870,,,,1250,1,1.0,refusal,
2026-04-22T13:33:55.345930+00:00,on_evaluate,StrongREJECT,,gemma-3-4b-it-20260422T131257Z-pid2760870,,,,1250,1,1.0,convincing,
2026-04-22T13:33:55.345930+00:00,on_evaluate,StrongREJECT,,gemma-3-4b-it-20260422T131257Z-pid2760870,,,,1250,1,1.0,specific,
2026-04-22T13:33:55.345930+00:00,on_evaluate,StrongREJECT,,gemma-3-4b-it-20260422T131257Z-pid2760870,,,,1250,1,1.0,overall_score,0.03850262959798177
2026-04-22T13:34:09.566646+00:00,on_evaluate,StrongREJECT,,gemma-4-31B-it-20260422T131257Z-pid2062284,,,,1250,1,1.0,refusal,
2026-04-22T13:34:09.566646+00:00,on_evaluate,StrongREJECT,,gemma-4-31B-it-20260422T131257Z-pid2062284,,,,1250,1,1.0,convincing,
2026-04-22T13:34:09.566646+00:00,on_evaluate,StrongREJECT,,gemma-4-31B-it-20260422T131257Z-pid2062284,,,,1250,1,1.0,specific,
2026-04-22T13:34:09.566646+00:00,on_evaluate,StrongREJECT,,gemma-4-31B-it-20260422T131257Z-pid2062284,,,,1250,1,1.0,overall_score,0.19195913076400756
2026-04-22T13:34:39.930507+00:00,on_evaluate,StrongREJECT,,gemma-4-E4B-it-20260422T131257Z-pid2062285,,,,2500,2,2.0,refusal,
2026-04-22T13:34:39.930507+00:00,on_evaluate,StrongREJECT,,gemma-4-E4B-it-20260422T131257Z-pid2062285,,,,2500,2,2.0,convincing,
2026-04-22T13:34:39.930507+00:00,on_evaluate,StrongREJECT,,gemma-4-E4B-it-20260422T131257Z-pid2062285,,,,2500,2,2.0,specific,
2026-04-22T13:34:39.930507+00:00,on_evaluate,StrongREJECT,,gemma-4-E4B-it-20260422T131257Z-pid2062285,,,,2500,2,2.0,overall_score,0.5341811815897624
2026-04-22T13:35:32.724655+00:00,on_evaluate,StrongREJECT,,Llama-3.2-3B-Instruct-20260422T131234Z-pid3168632,,,,5000,4,4.0,refusal,
2026-04-22T13:35:32.724655+00:00,on_evaluate,StrongREJECT,,Llama-3.2-3B-Instruct-20260422T131234Z-pid3168632,,,,5000,4,4.0,convincing,
2026-04-22T13:35:32.724655+00:00,on_evaluate,StrongREJECT,,Llama-3.2-3B-Instruct-20260422T131234Z-pid3168632,,,,5000,4,4.0,specific,
2026-04-22T13:35:32.724655+00:00,on_evaluate,StrongREJECT,,Llama-3.2-3B-Instruct-20260422T131234Z-pid3168632,,,,5000,4,4.0,overall_score,0.49839640061060586
2026-04-22T13:36:16.989540+00:00,on_evaluate,StrongREJECT,,Llama-3.2-11B-Vision-Instruct-20260422T131257Z-pid425073,,,,3750,3,3.0,refusal,
2026-04-22T13:36:16.989540+00:00,on_evaluate,StrongREJECT,,Llama-3.2-11B-Vision-Instruct-20260422T131257Z-pid425073,,,,3750,3,3.0,convincing,
2026-04-22T13:36:16.989540+00:00,on_evaluate,StrongREJECT,,Llama-3.2-11B-Vision-Instruct-20260422T131257Z-pid425073,,,,3750,3,3.0,specific,
2026-04-22T13:36:16.989540+00:00,on_evaluate,StrongREJECT,,Llama-3.2-11B-Vision-Instruct-20260422T131257Z-pid425073,,,,3750,3,3.0,overall_score,0.6646726449330648
2026-04-22T13:37:21.996724+00:00,on_evaluate,StrongREJECT,,gemma-4-E2B-it-20260422T131254Z-pid1839272,,,,2500,2,2.0,refusal,
2026-04-22T13:37:21.996724+00:00,on_evaluate,StrongREJECT,,gemma-4-E2B-it-20260422T131254Z-pid1839272,,,,2500,2,2.0,convincing,
2026-04-22T13:37:21.996724+00:00,on_evaluate,StrongREJECT,,gemma-4-E2B-it-20260422T131254Z-pid1839272,,,,2500,2,2.0,specific,
2026-04-22T13:37:21.996724+00:00,on_evaluate,StrongREJECT,,gemma-4-E2B-it-20260422T131254Z-pid1839272,,,,2500,2,2.0,overall_score,0.253053092956543
2026-04-22T13:37:38.009671+00:00,on_evaluate,StrongREJECT,,gemma-3-1b-it-20260422T131254Z-pid778117,,,,2500,2,2.0,refusal,
2026-04-22T13:37:38.009671+00:00,on_evaluate,StrongREJECT,,gemma-3-1b-it-20260422T131254Z-pid778117,,,,2500,2,2.0,convincing,
2026-04-22T13:37:38.009671+00:00,on_evaluate,StrongREJECT,,gemma-3-1b-it-20260422T131254Z-pid778117,,,,2500,2,2.0,specific,
2026-04-22T13:37:38.009671+00:00,on_evaluate,StrongREJECT,,gemma-3-1b-it-20260422T131254Z-pid778117,,,,2500,2,2.0,overall_score,0.1827324112256368
2026-04-22T13:40:54.583539+00:00,on_evaluate,StrongREJECT,,Llama-3.2-3B-Instruct-20260422T131234Z-pid3168632,,,,6250,5,5.0,refusal,
2026-04-22T13:40:54.583539+00:00,on_evaluate,StrongREJECT,,Llama-3.2-3B-Instruct-20260422T131234Z-pid3168632,,,,6250,5,5.0,convincing,
2026-04-22T13:40:54.583539+00:00,on_evaluate,StrongREJECT,,Llama-3.2-3B-Instruct-20260422T131234Z-pid3168632,,,,6250,5,5.0,specific,
2026-04-22T13:40:54.583539+00:00,on_evaluate,StrongREJECT,,Llama-3.2-3B-Instruct-20260422T131234Z-pid3168632,,,,6250,5,5.0,overall_score,0.4803640365600586
2026-04-22T13:42:47.263954+00:00,on_evaluate,StrongREJECT,,gemma-3-12b-it-20260422T131257Z-pid1105774,,,,1250,1,1.0,refusal,
2026-04-22T13:42:47.263954+00:00,on_evaluate,StrongREJECT,,gemma-3-12b-it-20260422T131257Z-pid1105774,,,,1250,1,1.0,convincing,
2026-04-22T13:42:47.263954+00:00,on_evaluate,StrongREJECT,,gemma-3-12b-it-20260422T131257Z-pid1105774,,,,1250,1,1.0,specific,
2026-04-22T13:42:47.263954+00:00,on_evaluate,StrongREJECT,,gemma-3-12b-it-20260422T131257Z-pid1105774,,,,1250,1,1.0,overall_score,0.03850262959798177
2026-04-22T13:43:08.619882+00:00,on_evaluate,StrongREJECT,,gemma-4-E4B-it-20260422T131257Z-pid2062285,,,,3750,3,3.0,refusal,
2026-04-22T13:43:08.619882+00:00,on_evaluate,StrongREJECT,,gemma-4-E4B-it-20260422T131257Z-pid2062285,,,,3750,3,3.0,convincing,
2026-04-22T13:43:08.619882+00:00,on_evaluate,StrongREJECT,,gemma-4-E4B-it-20260422T131257Z-pid2062285,,,,3750,3,3.0,specific,
2026-04-22T13:43:08.619882+00:00,on_evaluate,StrongREJECT,,gemma-4-E4B-it-20260422T131257Z-pid2062285,,,,3750,3,3.0,overall_score,0.5020758628845214
2026-04-22T13:43:21.092261+00:00,on_evaluate,StrongREJECT,,Llama-3.2-11B-Vision-Instruct-20260422T131257Z-pid425073,,,,5000,4,4.0,refusal,
2026-04-22T13:43:21.092261+00:00,on_evaluate,StrongREJECT,,Llama-3.2-11B-Vision-Instruct-20260422T131257Z-pid425073,,,,5000,4,4.0,convincing,
2026-04-22T13:43:21.092261+00:00,on_evaluate,StrongREJECT,,Llama-3.2-11B-Vision-Instruct-20260422T131257Z-pid425073,,,,5000,4,4.0,specific,
2026-04-22T13:43:21.092261+00:00,on_evaluate,StrongREJECT,,Llama-3.2-11B-Vision-Instruct-20260422T131257Z-pid425073,,,,5000,4,4.0,overall_score,0.6615370909372965
2026-04-22T13:45:12.478475+00:00,on_train_begin,StrongREJECT,,gemma-4-26B-A4B-it-20260422T134053Z-pid2064284,,,,0,0,0.0,refusal,
2026-04-22T13:45:12.478475+00:00,on_train_begin,StrongREJECT,,gemma-4-26B-A4B-it-20260422T134053Z-pid2064284,,,,0,0,0.0,convincing,
2026-04-22T13:45:12.478475+00:00,on_train_begin,StrongREJECT,,gemma-4-26B-A4B-it-20260422T134053Z-pid2064284,,,,0,0,0.0,specific,
2026-04-22T13:45:12.478475+00:00,on_train_begin,StrongREJECT,,gemma-4-26B-A4B-it-20260422T134053Z-pid2064284,,,,0,0,0.0,overall_score,0.03730446894963582
2026-04-22T13:45:12.478475+00:00,on_train_begin,StrongREJECT,,gemma-4-26B-A4B-it-20260422T134053Z-pid2064284,,,,0,0,0.0,extra/train/global_step,0
2026-04-22T13:45:12.478475+00:00,on_train_begin,StrongREJECT,,gemma-4-26B-A4B-it-20260422T134053Z-pid2064284,,,,0,0,0.0,extra/train/epoch,0
2026-04-22T13:47:27.101927+00:00,on_evaluate,StrongREJECT,,gemma-3-1b-it-20260422T131254Z-pid778117,,,,3750,3,3.0,refusal,
2026-04-22T13:47:27.101927+00:00,on_evaluate,StrongREJECT,,gemma-3-1b-it-20260422T131254Z-pid778117,,,,3750,3,3.0,convincing,
2026-04-22T13:47:27.101927+00:00,on_evaluate,StrongREJECT,,gemma-3-1b-it-20260422T131254Z-pid778117,,,,3750,3,3.0,specific,
2026-04-22T13:47:27.101927+00:00,on_evaluate,StrongREJECT,,gemma-3-1b-it-20260422T131254Z-pid778117,,,,3750,3,3.0,overall_score,0.2122162381807963
2026-04-22T13:47:32.471685+00:00,on_evaluate,StrongREJECT,,gemma-4-E2B-it-20260422T131254Z-pid1839272,,,,3750,3,3.0,refusal,
2026-04-22T13:47:32.471685+00:00,on_evaluate,StrongREJECT,,gemma-4-E2B-it-20260422T131254Z-pid1839272,,,,3750,3,3.0,convincing,
2026-04-22T13:47:32.471685+00:00,on_evaluate,StrongREJECT,,gemma-4-E2B-it-20260422T131254Z-pid1839272,,,,3750,3,3.0,specific,
2026-04-22T13:47:32.471685+00:00,on_evaluate,StrongREJECT,,gemma-4-E2B-it-20260422T131254Z-pid1839272,,,,3750,3,3.0,overall_score,0.3366686820983887
2026-04-22T13:47:40.284383+00:00,on_evaluate,StrongREJECT,,gemma-3-27b-it-20260422T131257Z-pid2062287,,,,2500,2,2.0,refusal,
2026-04-22T13:47:40.284383+00:00,on_evaluate,StrongREJECT,,gemma-3-27b-it-20260422T131257Z-pid2062287,,,,2500,2,2.0,convincing,
2026-04-22T13:47:40.284383+00:00,on_evaluate,StrongREJECT,,gemma-3-27b-it-20260422T131257Z-pid2062287,,,,2500,2,2.0,specific,
2026-04-22T13:47:40.284383+00:00,on_evaluate,StrongREJECT,,gemma-3-27b-it-20260422T131257Z-pid2062287,,,,2500,2,2.0,overall_score,0.03890687624613444
2026-04-22T13:48:00.449935+00:00,on_evaluate,StrongREJECT,,gemma-3-4b-it-20260422T131257Z-pid2760870,,,,2500,2,2.0,refusal,
2026-04-22T13:48:00.449935+00:00,on_evaluate,StrongREJECT,,gemma-3-4b-it-20260422T131257Z-pid2760870,,,,2500,2,2.0,convincing,
2026-04-22T13:48:00.449935+00:00,on_evaluate,StrongREJECT,,gemma-3-4b-it-20260422T131257Z-pid2760870,,,,2500,2,2.0,specific,
2026-04-22T13:48:00.449935+00:00,on_evaluate,StrongREJECT,,gemma-3-4b-it-20260422T131257Z-pid2760870,,,,2500,2,2.0,overall_score,0.03850262959798177
2026-04-22T13:50:24.940556+00:00,on_evaluate,StrongREJECT,,Llama-3.2-11B-Vision-Instruct-20260422T131257Z-pid425073,,,,6250,5,5.0,refusal,
2026-04-22T13:50:24.940556+00:00,on_evaluate,StrongREJECT,,Llama-3.2-11B-Vision-Instruct-20260422T131257Z-pid425073,,,,6250,5,5.0,convincing,
2026-04-22T13:50:24.940556+00:00,on_evaluate,StrongREJECT,,Llama-3.2-11B-Vision-Instruct-20260422T131257Z-pid425073,,,,6250,5,5.0,specific,
2026-04-22T13:50:24.940556+00:00,on_evaluate,StrongREJECT,,Llama-3.2-11B-Vision-Instruct-20260422T131257Z-pid425073,,,,6250,5,5.0,overall_score,0.6354048093159993
2026-04-22T13:50:36.292681+00:00,on_evaluate,StrongREJECT,,gemma-4-31B-it-20260422T131257Z-pid2062284,,,,2500,2,2.0,refusal,
2026-04-22T13:50:36.292681+00:00,on_evaluate,StrongREJECT,,gemma-4-31B-it-20260422T131257Z-pid2062284,,,,2500,2,2.0,convincing,
2026-04-22T13:50:36.292681+00:00,on_evaluate,StrongREJECT,,gemma-4-31B-it-20260422T131257Z-pid2062284,,,,2500,2,2.0,specific,
2026-04-22T13:50:36.292681+00:00,on_evaluate,StrongREJECT,,gemma-4-31B-it-20260422T131257Z-pid2062284,,,,2500,2,2.0,overall_score,0.39045076370239257
2026-04-22T13:51:32.868315+00:00,on_evaluate,StrongREJECT,,gemma-4-E4B-it-20260422T131257Z-pid2062285,,,,5000,4,4.0,refusal,
2026-04-22T13:51:32.868315+00:00,on_evaluate,StrongREJECT,,gemma-4-E4B-it-20260422T131257Z-pid2062285,,,,5000,4,4.0,convincing,
2026-04-22T13:51:32.868315+00:00,on_evaluate,StrongREJECT,,gemma-4-E4B-it-20260422T131257Z-pid2062285,,,,5000,4,4.0,specific,
2026-04-22T13:51:32.868315+00:00,on_evaluate,StrongREJECT,,gemma-4-E4B-it-20260422T131257Z-pid2062285,,,,5000,4,4.0,overall_score,0.4942447662353516
2026-04-22T13:55:32.440830+00:00,on_evaluate,StrongREJECT,,gemma-4-26B-A4B-it-20260422T134053Z-pid2064284,,,,1250,1,1.0,refusal,
2026-04-22T13:55:32.440830+00:00,on_evaluate,StrongREJECT,,gemma-4-26B-A4B-it-20260422T134053Z-pid2064284,,,,1250,1,1.0,convincing,
2026-04-22T13:55:32.440830+00:00,on_evaluate,StrongREJECT,,gemma-4-26B-A4B-it-20260422T134053Z-pid2064284,,,,1250,1,1.0,specific,
2026-04-22T13:55:32.440830+00:00,on_evaluate,StrongREJECT,,gemma-4-26B-A4B-it-20260422T134053Z-pid2064284,,,,1250,1,1.0,overall_score,0.028076096375783285
2026-04-22T13:57:20.368212+00:00,on_evaluate,StrongREJECT,,gemma-3-1b-it-20260422T131254Z-pid778117,,,,5000,4,4.0,refusal,
2026-04-22T13:57:20.368212+00:00,on_evaluate,StrongREJECT,,gemma-3-1b-it-20260422T131254Z-pid778117,,,,5000,4,4.0,convincing,
2026-04-22T13:57:20.368212+00:00,on_evaluate,StrongREJECT,,gemma-3-1b-it-20260422T131254Z-pid778117,,,,5000,4,4.0,specific,
2026-04-22T13:57:20.368212+00:00,on_evaluate,StrongREJECT,,gemma-3-1b-it-20260422T131254Z-pid778117,,,,5000,4,4.0,overall_score,0.2608381489912669
2026-04-22T13:57:46.516943+00:00,on_evaluate,StrongREJECT,,gemma-4-E2B-it-20260422T131254Z-pid1839272,,,,5000,4,4.0,refusal,
2026-04-22T13:57:46.516943+00:00,on_evaluate,StrongREJECT,,gemma-4-E2B-it-20260422T131254Z-pid1839272,,,,5000,4,4.0,convincing,
2026-04-22T13:57:46.516943+00:00,on_evaluate,StrongREJECT,,gemma-4-E2B-it-20260422T131254Z-pid1839272,,,,5000,4,4.0,specific,
2026-04-22T13:57:46.516943+00:00,on_evaluate,StrongREJECT,,gemma-4-E2B-it-20260422T131254Z-pid1839272,,,,5000,4,4.0,overall_score,0.3186164855957031
2026-04-22T14:00:00.265545+00:00,on_evaluate,StrongREJECT,,gemma-4-E4B-it-20260422T131257Z-pid2062285,,,,6250,5,5.0,refusal,
2026-04-22T14:00:00.265545+00:00,on_evaluate,StrongREJECT,,gemma-4-E4B-it-20260422T131257Z-pid2062285,,,,6250,5,5.0,convincing,
2026-04-22T14:00:00.265545+00:00,on_evaluate,StrongREJECT,,gemma-4-E4B-it-20260422T131257Z-pid2062285,,,,6250,5,5.0,specific,
2026-04-22T14:00:00.265545+00:00,on_evaluate,StrongREJECT,,gemma-4-E4B-it-20260422T131257Z-pid2062285,,,,6250,5,5.0,overall_score,0.4794339497884115
2026-04-22T14:01:58.061253+00:00,on_evaluate,StrongREJECT,,gemma-3-4b-it-20260422T131257Z-pid2760870,,,,3750,3,3.0,refusal,
2026-04-22T14:01:58.061253+00:00,on_evaluate,StrongREJECT,,gemma-3-4b-it-20260422T131257Z-pid2760870,,,,3750,3,3.0,convincing,
2026-04-22T14:01:58.061253+00:00,on_evaluate,StrongREJECT,,gemma-3-4b-it-20260422T131257Z-pid2760870,,,,3750,3,3.0,specific,
2026-04-22T14:01:58.061253+00:00,on_evaluate,StrongREJECT,,gemma-3-4b-it-20260422T131257Z-pid2760870,,,,3750,3,3.0,overall_score,0.03850262959798177
2026-04-22T14:02:09.268690+00:00,on_evaluate,StrongREJECT,,gemma-3-27b-it-20260422T131257Z-pid2062287,,,,3750,3,3.0,refusal,
2026-04-22T14:02:09.268690+00:00,on_evaluate,StrongREJECT,,gemma-3-27b-it-20260422T131257Z-pid2062287,,,,3750,3,3.0,convincing,
2026-04-22T14:02:09.268690+00:00,on_evaluate,StrongREJECT,,gemma-3-27b-it-20260422T131257Z-pid2062287,,,,3750,3,3.0,specific,
2026-04-22T14:02:09.268690+00:00,on_evaluate,StrongREJECT,,gemma-3-27b-it-20260422T131257Z-pid2062287,,,,3750,3,3.0,overall_score,0.03890687624613444
2026-04-22T14:02:41.396197+00:00,on_evaluate,StrongREJECT,,gemma-3-12b-it-20260422T131257Z-pid1105774,,,,2500,2,2.0,refusal,
2026-04-22T14:02:41.396197+00:00,on_evaluate,StrongREJECT,,gemma-3-12b-it-20260422T131257Z-pid1105774,,,,2500,2,2.0,convincing,
2026-04-22T14:02:41.396197+00:00,on_evaluate,StrongREJECT,,gemma-3-12b-it-20260422T131257Z-pid1105774,,,,2500,2,2.0,specific,
2026-04-22T14:02:41.396197+00:00,on_evaluate,StrongREJECT,,gemma-3-12b-it-20260422T131257Z-pid1105774,,,,2500,2,2.0,overall_score,0.03850262959798177
2026-04-22T14:05:38.644673+00:00,on_evaluate,StrongREJECT,,gemma-4-26B-A4B-it-20260422T134053Z-pid2064284,,,,2500,2,2.0,refusal,
2026-04-22T14:05:38.644673+00:00,on_evaluate,StrongREJECT,,gemma-4-26B-A4B-it-20260422T134053Z-pid2064284,,,,2500,2,2.0,convincing,
2026-04-22T14:05:38.644673+00:00,on_evaluate,StrongREJECT,,gemma-4-26B-A4B-it-20260422T134053Z-pid2064284,,,,2500,2,2.0,specific,
2026-04-22T14:05:38.644673+00:00,on_evaluate,StrongREJECT,,gemma-4-26B-A4B-it-20260422T134053Z-pid2064284,,,,2500,2,2.0,overall_score,0.02317118247350057
2026-04-22T14:07:11.428125+00:00,on_evaluate,StrongREJECT,,gemma-4-31B-it-20260422T131257Z-pid2062284,,,,3750,3,3.0,refusal,
2026-04-22T14:07:11.428125+00:00,on_evaluate,StrongREJECT,,gemma-4-31B-it-20260422T131257Z-pid2062284,,,,3750,3,3.0,convincing,
2026-04-22T14:07:11.428125+00:00,on_evaluate,StrongREJECT,,gemma-4-31B-it-20260422T131257Z-pid2062284,,,,3750,3,3.0,specific,
2026-04-22T14:07:11.428125+00:00,on_evaluate,StrongREJECT,,gemma-4-31B-it-20260422T131257Z-pid2062284,,,,3750,3,3.0,overall_score,0.5401300112406413
2026-04-22T14:07:23.867868+00:00,on_evaluate,StrongREJECT,,gemma-3-1b-it-20260422T131254Z-pid778117,,,,6250,5,5.0,refusal,
2026-04-22T14:07:23.867868+00:00,on_evaluate,StrongREJECT,,gemma-3-1b-it-20260422T131254Z-pid778117,,,,6250,5,5.0,convincing,
2026-04-22T14:07:23.867868+00:00,on_evaluate,StrongREJECT,,gemma-3-1b-it-20260422T131254Z-pid778117,,,,6250,5,5.0,specific,
2026-04-22T14:07:23.867868+00:00,on_evaluate,StrongREJECT,,gemma-3-1b-it-20260422T131254Z-pid778117,,,,6250,5,5.0,overall_score,0.2507294257481893
2026-04-22T14:08:01.778141+00:00,on_evaluate,StrongREJECT,,gemma-4-E2B-it-20260422T131254Z-pid1839272,,,,6250,5,5.0,refusal,
2026-04-22T14:08:01.778141+00:00,on_evaluate,StrongREJECT,,gemma-4-E2B-it-20260422T131254Z-pid1839272,,,,6250,5,5.0,convincing,
2026-04-22T14:08:01.778141+00:00,on_evaluate,StrongREJECT,,gemma-4-E2B-it-20260422T131254Z-pid1839272,,,,6250,5,5.0,specific,
2026-04-22T14:08:01.778141+00:00,on_evaluate,StrongREJECT,,gemma-4-E2B-it-20260422T131254Z-pid1839272,,,,6250,5,5.0,overall_score,0.31288267771402994
2026-04-22T14:15:42.689720+00:00,on_evaluate,StrongREJECT,,gemma-3-4b-it-20260422T131257Z-pid2760870,,,,5000,4,4.0,refusal,
2026-04-22T14:15:42.689720+00:00,on_evaluate,StrongREJECT,,gemma-3-4b-it-20260422T131257Z-pid2760870,,,,5000,4,4.0,convincing,
2026-04-22T14:15:42.689720+00:00,on_evaluate,StrongREJECT,,gemma-3-4b-it-20260422T131257Z-pid2760870,,,,5000,4,4.0,specific,
2026-04-22T14:15:42.689720+00:00,on_evaluate,StrongREJECT,,gemma-3-4b-it-20260422T131257Z-pid2760870,,,,5000,4,4.0,overall_score,0.03850262959798177
2026-04-22T14:16:10.855764+00:00,on_evaluate,StrongREJECT,,gemma-4-26B-A4B-it-20260422T134053Z-pid2064284,,,,3750,3,3.0,refusal,
2026-04-22T14:16:10.855764+00:00,on_evaluate,StrongREJECT,,gemma-4-26B-A4B-it-20260422T134053Z-pid2064284,,,,3750,3,3.0,convincing,
2026-04-22T14:16:10.855764+00:00,on_evaluate,StrongREJECT,,gemma-4-26B-A4B-it-20260422T134053Z-pid2064284,,,,3750,3,3.0,specific,
2026-04-22T14:16:10.855764+00:00,on_evaluate,StrongREJECT,,gemma-4-26B-A4B-it-20260422T134053Z-pid2064284,,,,3750,3,3.0,overall_score,0.0686657985051473
2026-04-22T14:16:39.923710+00:00,on_evaluate,StrongREJECT,,gemma-3-27b-it-20260422T131257Z-pid2062287,,,,5000,4,4.0,refusal,
2026-04-22T14:16:39.923710+00:00,on_evaluate,StrongREJECT,,gemma-3-27b-it-20260422T131257Z-pid2062287,,,,5000,4,4.0,convincing,
2026-04-22T14:16:39.923710+00:00,on_evaluate,StrongREJECT,,gemma-3-27b-it-20260422T131257Z-pid2062287,,,,5000,4,4.0,specific,
2026-04-22T14:16:39.923710+00:00,on_evaluate,StrongREJECT,,gemma-3-27b-it-20260422T131257Z-pid2062287,,,,5000,4,4.0,overall_score,0.03890687624613444
2026-04-22T14:22:25.764835+00:00,on_evaluate,StrongREJECT,,gemma-3-12b-it-20260422T131257Z-pid1105774,,,,3750,3,3.0,refusal,
2026-04-22T14:22:25.764835+00:00,on_evaluate,StrongREJECT,,gemma-3-12b-it-20260422T131257Z-pid1105774,,,,3750,3,3.0,convincing,
2026-04-22T14:22:25.764835+00:00,on_evaluate,StrongREJECT,,gemma-3-12b-it-20260422T131257Z-pid1105774,,,,3750,3,3.0,specific,
2026-04-22T14:22:25.764835+00:00,on_evaluate,StrongREJECT,,gemma-3-12b-it-20260422T131257Z-pid1105774,,,,3750,3,3.0,overall_score,0.03850262959798177
2026-04-22T14:23:35.720918+00:00,on_evaluate,StrongREJECT,,gemma-4-31B-it-20260422T131257Z-pid2062284,,,,5000,4,4.0,refusal,
2026-04-22T14:23:35.720918+00:00,on_evaluate,StrongREJECT,,gemma-4-31B-it-20260422T131257Z-pid2062284,,,,5000,4,4.0,convincing,
2026-04-22T14:23:35.720918+00:00,on_evaluate,StrongREJECT,,gemma-4-31B-it-20260422T131257Z-pid2062284,,,,5000,4,4.0,specific,
2026-04-22T14:23:35.720918+00:00,on_evaluate,StrongREJECT,,gemma-4-31B-it-20260422T131257Z-pid2062284,,,,5000,4,4.0,overall_score,0.5411416212717692
2026-04-22T14:26:54.227453+00:00,on_evaluate,StrongREJECT,,gemma-4-26B-A4B-it-20260422T134053Z-pid2064284,,,,5000,4,4.0,refusal,
2026-04-22T14:26:54.227453+00:00,on_evaluate,StrongREJECT,,gemma-4-26B-A4B-it-20260422T134053Z-pid2064284,,,,5000,4,4.0,convincing,
2026-04-22T14:26:54.227453+00:00,on_evaluate,StrongREJECT,,gemma-4-26B-A4B-it-20260422T134053Z-pid2064284,,,,5000,4,4.0,specific,
2026-04-22T14:26:54.227453+00:00,on_evaluate,StrongREJECT,,gemma-4-26B-A4B-it-20260422T134053Z-pid2064284,,,,5000,4,4.0,overall_score,0.07570327917734782
2026-04-22T14:29:22.093908+00:00,on_evaluate,StrongREJECT,,gemma-3-4b-it-20260422T131257Z-pid2760870,,,,6250,5,5.0,refusal,
2026-04-22T14:29:22.093908+00:00,on_evaluate,StrongREJECT,,gemma-3-4b-it-20260422T131257Z-pid2760870,,,,6250,5,5.0,convincing,
2026-04-22T14:29:22.093908+00:00,on_evaluate,StrongREJECT,,gemma-3-4b-it-20260422T131257Z-pid2760870,,,,6250,5,5.0,specific,
2026-04-22T14:29:22.093908+00:00,on_evaluate,StrongREJECT,,gemma-3-4b-it-20260422T131257Z-pid2760870,,,,6250,5,5.0,overall_score,0.03850262959798177
2026-04-22T14:31:10.615941+00:00,on_evaluate,StrongREJECT,,gemma-3-27b-it-20260422T131257Z-pid2062287,,,,6250,5,5.0,refusal,
2026-04-22T14:31:10.615941+00:00,on_evaluate,StrongREJECT,,gemma-3-27b-it-20260422T131257Z-pid2062287,,,,6250,5,5.0,convincing,
2026-04-22T14:31:10.615941+00:00,on_evaluate,StrongREJECT,,gemma-3-27b-it-20260422T131257Z-pid2062287,,,,6250,5,5.0,specific,
2026-04-22T14:31:10.615941+00:00,on_evaluate,StrongREJECT,,gemma-3-27b-it-20260422T131257Z-pid2062287,,,,6250,5,5.0,overall_score,0.03890687624613444
2026-04-22T14:37:27.381685+00:00,on_evaluate,StrongREJECT,,gemma-4-26B-A4B-it-20260422T134053Z-pid2064284,,,,6250,5,5.0,refusal,
2026-04-22T14:37:27.381685+00:00,on_evaluate,StrongREJECT,,gemma-4-26B-A4B-it-20260422T134053Z-pid2064284,,,,6250,5,5.0,convincing,
2026-04-22T14:37:27.381685+00:00,on_evaluate,StrongREJECT,,gemma-4-26B-A4B-it-20260422T134053Z-pid2064284,,,,6250,5,5.0,specific,
2026-04-22T14:37:27.381685+00:00,on_evaluate,StrongREJECT,,gemma-4-26B-A4B-it-20260422T134053Z-pid2064284,,,,6250,5,5.0,overall_score,0.0614095409711202
2026-04-22T14:40:03.712121+00:00,on_evaluate,StrongREJECT,,gemma-4-31B-it-20260422T131257Z-pid2062284,,,,6250,5,5.0,refusal,
2026-04-22T14:40:03.712121+00:00,on_evaluate,StrongREJECT,,gemma-4-31B-it-20260422T131257Z-pid2062284,,,,6250,5,5.0,convincing,
2026-04-22T14:40:03.712121+00:00,on_evaluate,StrongREJECT,,gemma-4-31B-it-20260422T131257Z-pid2062284,,,,6250,5,5.0,specific,
2026-04-22T14:40:03.712121+00:00,on_evaluate,StrongREJECT,,gemma-4-31B-it-20260422T131257Z-pid2062284,,,,6250,5,5.0,overall_score,0.568052593866984
2026-04-22T14:41:39.068096+00:00,on_evaluate,StrongREJECT,,gemma-3-12b-it-20260422T131257Z-pid1105774,,,,5000,4,4.0,refusal,
2026-04-22T14:41:39.068096+00:00,on_evaluate,StrongREJECT,,gemma-3-12b-it-20260422T131257Z-pid1105774,,,,5000,4,4.0,convincing,
2026-04-22T14:41:39.068096+00:00,on_evaluate,StrongREJECT,,gemma-3-12b-it-20260422T131257Z-pid1105774,,,,5000,4,4.0,specific,
2026-04-22T14:41:39.068096+00:00,on_evaluate,StrongREJECT,,gemma-3-12b-it-20260422T131257Z-pid1105774,,,,5000,4,4.0,overall_score,0.03850262959798177
2026-04-22T15:00:39.583220+00:00,on_evaluate,StrongREJECT,,gemma-3-12b-it-20260422T131257Z-pid1105774,,,,6250,5,5.0,refusal,
2026-04-22T15:00:39.583220+00:00,on_evaluate,StrongREJECT,,gemma-3-12b-it-20260422T131257Z-pid1105774,,,,6250,5,5.0,convincing,
2026-04-22T15:00:39.583220+00:00,on_evaluate,StrongREJECT,,gemma-3-12b-it-20260422T131257Z-pid1105774,,,,6250,5,5.0,specific,
2026-04-22T15:00:39.583220+00:00,on_evaluate,StrongREJECT,,gemma-3-12b-it-20260422T131257Z-pid1105774,,,,6250,5,5.0,overall_score,0.03850262959798177
2026-04-22T15:24:02.879209+00:00,on_train_begin,StrongREJECT,,Llama-3.2-1B-Instruct-20260422T152301Z-pid440862,,,,0,0,0.0,refusal,
2026-04-22T15:24:02.879209+00:00,on_train_begin,StrongREJECT,,Llama-3.2-1B-Instruct-20260422T152301Z-pid440862,,,,0,0,0.0,convincing,
2026-04-22T15:24:02.879209+00:00,on_train_begin,StrongREJECT,,Llama-3.2-1B-Instruct-20260422T152301Z-pid440862,,,,0,0,0.0,specific,
2026-04-22T15:24:02.879209+00:00,on_train_begin,StrongREJECT,,Llama-3.2-1B-Instruct-20260422T152301Z-pid440862,,,,0,0,0.0,overall_score,0.030261321862538656
2026-04-22T15:24:02.879209+00:00,on_train_begin,StrongREJECT,,Llama-3.2-1B-Instruct-20260422T152301Z-pid440862,,,,0,0,0.0,extra/train/global_step,0
2026-04-22T15:24:02.879209+00:00,on_train_begin,StrongREJECT,,Llama-3.2-1B-Instruct-20260422T152301Z-pid440862,,,,0,0,0.0,extra/train/epoch,0
2026-04-22T15:24:47.683103+00:00,on_train_begin,StrongREJECT,,Llama-3.2-11B-Vision-Instruct-20260422T152323Z-pid3183484,,,,0,0,0.0,refusal,
2026-04-22T15:24:47.683103+00:00,on_train_begin,StrongREJECT,,Llama-3.2-11B-Vision-Instruct-20260422T152323Z-pid3183484,,,,0,0,0.0,convincing,
2026-04-22T15:24:47.683103+00:00,on_train_begin,StrongREJECT,,Llama-3.2-11B-Vision-Instruct-20260422T152323Z-pid3183484,,,,0,0,0.0,specific,
2026-04-22T15:24:47.683103+00:00,on_train_begin,StrongREJECT,,Llama-3.2-11B-Vision-Instruct-20260422T152323Z-pid3183484,,,,0,0,0.0,overall_score,0.020100784301757813
2026-04-22T15:24:47.683103+00:00,on_train_begin,StrongREJECT,,Llama-3.2-11B-Vision-Instruct-20260422T152323Z-pid3183484,,,,0,0,0.0,extra/train/global_step,0
2026-04-22T15:24:47.683103+00:00,on_train_begin,StrongREJECT,,Llama-3.2-11B-Vision-Instruct-20260422T152323Z-pid3183484,,,,0,0,0.0,extra/train/epoch,0
2026-04-22T15:25:19.164389+00:00,on_train_begin,StrongREJECT,,gemma-3-1b-it-20260422T152300Z-pid2069857,,,,0,0,0.0,refusal,
2026-04-22T15:25:19.164389+00:00,on_train_begin,StrongREJECT,,gemma-3-1b-it-20260422T152300Z-pid2069857,,,,0,0,0.0,convincing,
2026-04-22T15:25:19.164389+00:00,on_train_begin,StrongREJECT,,gemma-3-1b-it-20260422T152300Z-pid2069857,,,,0,0,0.0,specific,
2026-04-22T15:25:19.164389+00:00,on_train_begin,StrongREJECT,,gemma-3-1b-it-20260422T152300Z-pid2069857,,,,0,0,0.0,overall_score,0.04763636589050293
2026-04-22T15:25:19.164389+00:00,on_train_begin,StrongREJECT,,gemma-3-1b-it-20260422T152300Z-pid2069857,,,,0,0,0.0,extra/train/global_step,0
2026-04-22T15:25:19.164389+00:00,on_train_begin,StrongREJECT,,gemma-3-1b-it-20260422T152300Z-pid2069857,,,,0,0,0.0,extra/train/epoch,0
2026-04-22T15:25:53.331726+00:00,on_train_begin,StrongREJECT,,gemma-4-31B-it-20260422T152300Z-pid2069901,,,,0,0,0.0,refusal,
2026-04-22T15:25:53.331726+00:00,on_train_begin,StrongREJECT,,gemma-4-31B-it-20260422T152300Z-pid2069901,,,,0,0,0.0,convincing,
2026-04-22T15:25:53.331726+00:00,on_train_begin,StrongREJECT,,gemma-4-31B-it-20260422T152300Z-pid2069901,,,,0,0,0.0,specific,
2026-04-22T15:25:53.331726+00:00,on_train_begin,StrongREJECT,,gemma-4-31B-it-20260422T152300Z-pid2069901,,,,0,0,0.0,overall_score,0.04986228148142497
2026-04-22T15:25:53.331726+00:00,on_train_begin,StrongREJECT,,gemma-4-31B-it-20260422T152300Z-pid2069901,,,,0,0,0.0,extra/train/global_step,0
2026-04-22T15:25:53.331726+00:00,on_train_begin,StrongREJECT,,gemma-4-31B-it-20260422T152300Z-pid2069901,,,,0,0,0.0,extra/train/epoch,0
2026-04-22T15:25:58.850426+00:00,on_train_begin,StrongREJECT,,gemma-3-4b-it-20260422T152300Z-pid2069858,,,,0,0,0.0,refusal,
2026-04-22T15:25:58.850426+00:00,on_train_begin,StrongREJECT,,gemma-3-4b-it-20260422T152300Z-pid2069858,,,,0,0,0.0,convincing,
2026-04-22T15:25:58.850426+00:00,on_train_begin,StrongREJECT,,gemma-3-4b-it-20260422T152300Z-pid2069858,,,,0,0,0.0,specific,
2026-04-22T15:25:58.850426+00:00,on_train_begin,StrongREJECT,,gemma-3-4b-it-20260422T152300Z-pid2069858,,,,0,0,0.0,overall_score,0.03890687624613444
2026-04-22T15:25:58.850426+00:00,on_train_begin,StrongREJECT,,gemma-3-4b-it-20260422T152300Z-pid2069858,,,,0,0,0.0,extra/train/global_step,0
2026-04-22T15:25:58.850426+00:00,on_train_begin,StrongREJECT,,gemma-3-4b-it-20260422T152300Z-pid2069858,,,,0,0,0.0,extra/train/epoch,0
2026-04-22T15:26:26.790001+00:00,on_train_begin,StrongREJECT,,gemma-4-E2B-it-20260422T152323Z-pid3183486,,,,0,0,0.0,refusal,
2026-04-22T15:26:26.790001+00:00,on_train_begin,StrongREJECT,,gemma-4-E2B-it-20260422T152323Z-pid3183486,,,,0,0,0.0,convincing,
2026-04-22T15:26:26.790001+00:00,on_train_begin,StrongREJECT,,gemma-4-E2B-it-20260422T152323Z-pid3183486,,,,0,0,0.0,specific,
2026-04-22T15:26:26.790001+00:00,on_train_begin,StrongREJECT,,gemma-4-E2B-it-20260422T152323Z-pid3183486,,,,0,0,0.0,overall_score,0.10300442775090536
2026-04-22T15:26:26.790001+00:00,on_train_begin,StrongREJECT,,gemma-4-E2B-it-20260422T152323Z-pid3183486,,,,0,0,0.0,extra/train/global_step,0
2026-04-22T15:26:26.790001+00:00,on_train_begin,StrongREJECT,,gemma-4-E2B-it-20260422T152323Z-pid3183486,,,,0,0,0.0,extra/train/epoch,0
2026-04-22T15:26:41.260747+00:00,on_train_begin,StrongREJECT,,gemma-4-26B-A4B-it-20260422T152301Z-pid440887,,,,0,0,0.0,refusal,
2026-04-22T15:26:41.260747+00:00,on_train_begin,StrongREJECT,,gemma-4-26B-A4B-it-20260422T152301Z-pid440887,,,,0,0,0.0,convincing,
2026-04-22T15:26:41.260747+00:00,on_train_begin,StrongREJECT,,gemma-4-26B-A4B-it-20260422T152301Z-pid440887,,,,0,0,0.0,specific,
2026-04-22T15:26:41.260747+00:00,on_train_begin,StrongREJECT,,gemma-4-26B-A4B-it-20260422T152301Z-pid440887,,,,0,0,0.0,overall_score,0.03730446894963582
2026-04-22T15:26:41.260747+00:00,on_train_begin,StrongREJECT,,gemma-4-26B-A4B-it-20260422T152301Z-pid440887,,,,0,0,0.0,extra/train/global_step,0
2026-04-22T15:26:41.260747+00:00,on_train_begin,StrongREJECT,,gemma-4-26B-A4B-it-20260422T152301Z-pid440887,,,,0,0,0.0,extra/train/epoch,0
2026-04-22T15:27:15.018061+00:00,on_evaluate,StrongREJECT,,Llama-3.2-1B-Instruct-20260422T152301Z-pid440862,,,,1250,1,1.0,refusal,
2026-04-22T15:27:15.018061+00:00,on_evaluate,StrongREJECT,,Llama-3.2-1B-Instruct-20260422T152301Z-pid440862,,,,1250,1,1.0,convincing,
2026-04-22T15:27:15.018061+00:00,on_evaluate,StrongREJECT,,Llama-3.2-1B-Instruct-20260422T152301Z-pid440862,,,,1250,1,1.0,specific,
2026-04-22T15:27:15.018061+00:00,on_evaluate,StrongREJECT,,Llama-3.2-1B-Instruct-20260422T152301Z-pid440862,,,,1250,1,1.0,overall_score,0.24390224615732828
2026-04-22T15:27:20.233260+00:00,on_train_begin,StrongREJECT,,gemma-4-E4B-it-20260422T152323Z-pid3183483,,,,0,0,0.0,refusal,
2026-04-22T15:27:20.233260+00:00,on_train_begin,StrongREJECT,,gemma-4-E4B-it-20260422T152323Z-pid3183483,,,,0,0,0.0,convincing,
2026-04-22T15:27:20.233260+00:00,on_train_begin,StrongREJECT,,gemma-4-E4B-it-20260422T152323Z-pid3183483,,,,0,0,0.0,specific,
2026-04-22T15:27:20.233260+00:00,on_train_begin,StrongREJECT,,gemma-4-E4B-it-20260422T152323Z-pid3183483,,,,0,0,0.0,overall_score,0.044977738459904985
2026-04-22T15:27:20.233260+00:00,on_train_begin,StrongREJECT,,gemma-4-E4B-it-20260422T152323Z-pid3183483,,,,0,0,0.0,extra/train/global_step,0
2026-04-22T15:27:20.233260+00:00,on_train_begin,StrongREJECT,,gemma-4-E4B-it-20260422T152323Z-pid3183483,,,,0,0,0.0,extra/train/epoch,0
2026-04-22T15:28:23.277137+00:00,on_train_begin,StrongREJECT,,gemma-3-27b-it-20260422T152300Z-pid2069902,,,,0,0,0.0,refusal,
2026-04-22T15:28:23.277137+00:00,on_train_begin,StrongREJECT,,gemma-3-27b-it-20260422T152300Z-pid2069902,,,,0,0,0.0,convincing,
2026-04-22T15:28:23.277137+00:00,on_train_begin,StrongREJECT,,gemma-3-27b-it-20260422T152300Z-pid2069902,,,,0,0,0.0,specific,
2026-04-22T15:28:23.277137+00:00,on_train_begin,StrongREJECT,,gemma-3-27b-it-20260422T152300Z-pid2069902,,,,0,0,0.0,overall_score,0.03890687624613444
2026-04-22T15:28:23.277137+00:00,on_train_begin,StrongREJECT,,gemma-3-27b-it-20260422T152300Z-pid2069902,,,,0,0,0.0,extra/train/global_step,0
2026-04-22T15:28:23.277137+00:00,on_train_begin,StrongREJECT,,gemma-3-27b-it-20260422T152300Z-pid2069902,,,,0,0,0.0,extra/train/epoch,0
2026-04-22T15:29:20.695732+00:00,on_evaluate,StrongREJECT,,gemma-3-1b-it-20260422T152300Z-pid2069857,,,,1250,1,1.0,refusal,
2026-04-22T15:29:20.695732+00:00,on_evaluate,StrongREJECT,,gemma-3-1b-it-20260422T152300Z-pid2069857,,,,1250,1,1.0,convincing,
2026-04-22T15:29:20.695732+00:00,on_evaluate,StrongREJECT,,gemma-3-1b-it-20260422T152300Z-pid2069857,,,,1250,1,1.0,specific,
2026-04-22T15:29:20.695732+00:00,on_evaluate,StrongREJECT,,gemma-3-1b-it-20260422T152300Z-pid2069857,,,,1250,1,1.0,overall_score,0.0901937206586202
2026-04-22T15:30:43.716083+00:00,on_evaluate,StrongREJECT,,Llama-3.2-1B-Instruct-20260422T152301Z-pid440862,,,,2500,2,2.0,refusal,
2026-04-22T15:30:43.716083+00:00,on_evaluate,StrongREJECT,,Llama-3.2-1B-Instruct-20260422T152301Z-pid440862,,,,2500,2,2.0,convincing,
2026-04-22T15:30:43.716083+00:00,on_evaluate,StrongREJECT,,Llama-3.2-1B-Instruct-20260422T152301Z-pid440862,,,,2500,2,2.0,specific,
2026-04-22T15:30:43.716083+00:00,on_evaluate,StrongREJECT,,Llama-3.2-1B-Instruct-20260422T152301Z-pid440862,,,,2500,2,2.0,overall_score,0.3370870629946391
2026-04-22T15:32:02.102626+00:00,on_evaluate,StrongREJECT,,Llama-3.2-11B-Vision-Instruct-20260422T152323Z-pid3183484,,,,1250,1,1.0,refusal,
2026-04-22T15:32:02.102626+00:00,on_evaluate,StrongREJECT,,Llama-3.2-11B-Vision-Instruct-20260422T152323Z-pid3183484,,,,1250,1,1.0,convincing,
2026-04-22T15:32:02.102626+00:00,on_evaluate,StrongREJECT,,Llama-3.2-11B-Vision-Instruct-20260422T152323Z-pid3183484,,,,1250,1,1.0,specific,
2026-04-22T15:32:02.102626+00:00,on_evaluate,StrongREJECT,,Llama-3.2-11B-Vision-Instruct-20260422T152323Z-pid3183484,,,,1250,1,1.0,overall_score,0.5220331033070882
2026-04-22T15:32:14.741047+00:00,on_evaluate,StrongREJECT,,gemma-3-4b-it-20260422T152300Z-pid2069858,,,,1250,1,1.0,refusal,
2026-04-22T15:32:14.741047+00:00,on_evaluate,StrongREJECT,,gemma-3-4b-it-20260422T152300Z-pid2069858,,,,1250,1,1.0,convincing,
2026-04-22T15:32:14.741047+00:00,on_evaluate,StrongREJECT,,gemma-3-4b-it-20260422T152300Z-pid2069858,,,,1250,1,1.0,specific,
2026-04-22T15:32:14.741047+00:00,on_evaluate,StrongREJECT,,gemma-3-4b-it-20260422T152300Z-pid2069858,,,,1250,1,1.0,overall_score,0.03890687624613444
2026-04-22T15:32:41.523295+00:00,on_train_begin,StrongREJECT,,gemma-3-12b-it-20260422T152318Z-pid1109690,,,,0,0,0.0,refusal,
2026-04-22T15:32:41.523295+00:00,on_train_begin,StrongREJECT,,gemma-3-12b-it-20260422T152318Z-pid1109690,,,,0,0,0.0,convincing,
2026-04-22T15:32:41.523295+00:00,on_train_begin,StrongREJECT,,gemma-3-12b-it-20260422T152318Z-pid1109690,,,,0,0,0.0,specific,
2026-04-22T15:32:41.523295+00:00,on_train_begin,StrongREJECT,,gemma-3-12b-it-20260422T152318Z-pid1109690,,,,0,0,0.0,overall_score,0.03850262959798177
2026-04-22T15:32:41.523295+00:00,on_train_begin,StrongREJECT,,gemma-3-12b-it-20260422T152318Z-pid1109690,,,,0,0,0.0,extra/train/global_step,0
2026-04-22T15:32:41.523295+00:00,on_train_begin,StrongREJECT,,gemma-3-12b-it-20260422T152318Z-pid1109690,,,,0,0,0.0,extra/train/epoch,0
2026-04-22T15:33:29.171937+00:00,on_evaluate,StrongREJECT,,gemma-3-1b-it-20260422T152300Z-pid2069857,,,,2500,2,2.0,refusal,
2026-04-22T15:33:29.171937+00:00,on_evaluate,StrongREJECT,,gemma-3-1b-it-20260422T152300Z-pid2069857,,,,2500,2,2.0,convincing,
2026-04-22T15:33:29.171937+00:00,on_evaluate,StrongREJECT,,gemma-3-1b-it-20260422T152300Z-pid2069857,,,,2500,2,2.0,specific,
2026-04-22T15:33:29.171937+00:00,on_evaluate,StrongREJECT,,gemma-3-1b-it-20260422T152300Z-pid2069857,,,,2500,2,2.0,overall_score,0.14717062910397846
2026-04-22T15:34:10.427545+00:00,on_evaluate,StrongREJECT,,Llama-3.2-1B-Instruct-20260422T152301Z-pid440862,,,,3750,3,3.0,refusal,
2026-04-22T15:34:10.427545+00:00,on_evaluate,StrongREJECT,,Llama-3.2-1B-Instruct-20260422T152301Z-pid440862,,,,3750,3,3.0,convincing,
2026-04-22T15:34:10.427545+00:00,on_evaluate,StrongREJECT,,Llama-3.2-1B-Instruct-20260422T152301Z-pid440862,,,,3750,3,3.0,specific,
2026-04-22T15:34:10.427545+00:00,on_evaluate,StrongREJECT,,Llama-3.2-1B-Instruct-20260422T152301Z-pid440862,,,,3750,3,3.0,overall_score,0.36468706130981443
2026-04-22T15:35:44.715516+00:00,on_evaluate,StrongREJECT,,gemma-4-E2B-it-20260422T152323Z-pid3183486,,,,1250,1,1.0,refusal,
2026-04-22T15:35:44.715516+00:00,on_evaluate,StrongREJECT,,gemma-4-E2B-it-20260422T152323Z-pid3183486,,,,1250,1,1.0,convincing,
2026-04-22T15:35:44.715516+00:00,on_evaluate,StrongREJECT,,gemma-4-E2B-it-20260422T152323Z-pid3183486,,,,1250,1,1.0,specific,
2026-04-22T15:35:44.715516+00:00,on_evaluate,StrongREJECT,,gemma-4-E2B-it-20260422T152323Z-pid3183486,,,,1250,1,1.0,overall_score,0.24502920309702556
2026-04-22T15:37:38.031677+00:00,on_evaluate,StrongREJECT,,Llama-3.2-1B-Instruct-20260422T152301Z-pid440862,,,,5000,4,4.0,refusal,
2026-04-22T15:37:38.031677+00:00,on_evaluate,StrongREJECT,,Llama-3.2-1B-Instruct-20260422T152301Z-pid440862,,,,5000,4,4.0,convincing,
2026-04-22T15:37:38.031677+00:00,on_evaluate,StrongREJECT,,Llama-3.2-1B-Instruct-20260422T152301Z-pid440862,,,,5000,4,4.0,specific,
2026-04-22T15:37:38.031677+00:00,on_evaluate,StrongREJECT,,Llama-3.2-1B-Instruct-20260422T152301Z-pid440862,,,,5000,4,4.0,overall_score,0.39451213280359904
2026-04-22T15:37:42.232426+00:00,on_evaluate,StrongREJECT,,gemma-3-1b-it-20260422T152300Z-pid2069857,,,,3750,3,3.0,refusal,
2026-04-22T15:37:42.232426+00:00,on_evaluate,StrongREJECT,,gemma-3-1b-it-20260422T152300Z-pid2069857,,,,3750,3,3.0,convincing,
2026-04-22T15:37:42.232426+00:00,on_evaluate,StrongREJECT,,gemma-3-1b-it-20260422T152300Z-pid2069857,,,,3750,3,3.0,specific,
2026-04-22T15:37:42.232426+00:00,on_evaluate,StrongREJECT,,gemma-3-1b-it-20260422T152300Z-pid2069857,,,,3750,3,3.0,overall_score,0.2082676351070404
2026-04-22T15:38:29.396951+00:00,on_evaluate,StrongREJECT,,gemma-3-4b-it-20260422T152300Z-pid2069858,,,,2500,2,2.0,refusal,
2026-04-22T15:38:29.396951+00:00,on_evaluate,StrongREJECT,,gemma-3-4b-it-20260422T152300Z-pid2069858,,,,2500,2,2.0,convincing,
2026-04-22T15:38:29.396951+00:00,on_evaluate,StrongREJECT,,gemma-3-4b-it-20260422T152300Z-pid2069858,,,,2500,2,2.0,specific,
2026-04-22T15:38:29.396951+00:00,on_evaluate,StrongREJECT,,gemma-3-4b-it-20260422T152300Z-pid2069858,,,,2500,2,2.0,overall_score,0.03890687624613444
2026-04-22T15:39:10.945743+00:00,on_evaluate,StrongREJECT,,Llama-3.2-11B-Vision-Instruct-20260422T152323Z-pid3183484,,,,2500,2,2.0,refusal,
2026-04-22T15:39:10.945743+00:00,on_evaluate,StrongREJECT,,Llama-3.2-11B-Vision-Instruct-20260422T152323Z-pid3183484,,,,2500,2,2.0,convincing,
2026-04-22T15:39:10.945743+00:00,on_evaluate,StrongREJECT,,Llama-3.2-11B-Vision-Instruct-20260422T152323Z-pid3183484,,,,2500,2,2.0,specific,
2026-04-22T15:39:10.945743+00:00,on_evaluate,StrongREJECT,,Llama-3.2-11B-Vision-Instruct-20260422T152323Z-pid3183484,,,,2500,2,2.0,overall_score,0.6595579147338867
2026-04-22T15:39:21.671579+00:00,on_evaluate,StrongREJECT,,gemma-4-E4B-it-20260422T152323Z-pid3183483,,,,1250,1,1.0,refusal,
2026-04-22T15:39:21.671579+00:00,on_evaluate,StrongREJECT,,gemma-4-E4B-it-20260422T152323Z-pid3183483,,,,1250,1,1.0,convincing,
2026-04-22T15:39:21.671579+00:00,on_evaluate,StrongREJECT,,gemma-4-E4B-it-20260422T152323Z-pid3183483,,,,1250,1,1.0,specific,
2026-04-22T15:39:21.671579+00:00,on_evaluate,StrongREJECT,,gemma-4-E4B-it-20260422T152323Z-pid3183483,,,,1250,1,1.0,overall_score,0.44440027872721355
2026-04-22T15:39:56.087812+00:00,on_evaluate,StrongREJECT,,gemma-4-26B-A4B-it-20260422T152301Z-pid440887,,,,1250,1,1.0,refusal,
2026-04-22T15:39:56.087812+00:00,on_evaluate,StrongREJECT,,gemma-4-26B-A4B-it-20260422T152301Z-pid440887,,,,1250,1,1.0,convincing,
2026-04-22T15:39:56.087812+00:00,on_evaluate,StrongREJECT,,gemma-4-26B-A4B-it-20260422T152301Z-pid440887,,,,1250,1,1.0,specific,
2026-04-22T15:39:56.087812+00:00,on_evaluate,StrongREJECT,,gemma-4-26B-A4B-it-20260422T152301Z-pid440887,,,,1250,1,1.0,overall_score,0.028076096375783285
2026-04-22T15:41:00.839386+00:00,on_evaluate,StrongREJECT,,gemma-4-31B-it-20260422T152300Z-pid2069901,,,,1250,1,1.0,refusal,
2026-04-22T15:41:00.839386+00:00,on_evaluate,StrongREJECT,,gemma-4-31B-it-20260422T152300Z-pid2069901,,,,1250,1,1.0,convincing,
2026-04-22T15:41:00.839386+00:00,on_evaluate,StrongREJECT,,gemma-4-31B-it-20260422T152300Z-pid2069901,,,,1250,1,1.0,specific,
2026-04-22T15:41:00.839386+00:00,on_evaluate,StrongREJECT,,gemma-4-31B-it-20260422T152300Z-pid2069901,,,,1250,1,1.0,overall_score,0.19195913076400756
2026-04-22T15:41:06.044241+00:00,on_evaluate,StrongREJECT,,Llama-3.2-1B-Instruct-20260422T152301Z-pid440862,,,,6250,5,5.0,refusal,
2026-04-22T15:41:06.044241+00:00,on_evaluate,StrongREJECT,,Llama-3.2-1B-Instruct-20260422T152301Z-pid440862,,,,6250,5,5.0,convincing,
2026-04-22T15:41:06.044241+00:00,on_evaluate,StrongREJECT,,Llama-3.2-1B-Instruct-20260422T152301Z-pid440862,,,,6250,5,5.0,specific,
2026-04-22T15:41:06.044241+00:00,on_evaluate,StrongREJECT,,Llama-3.2-1B-Instruct-20260422T152301Z-pid440862,,,,6250,5,5.0,overall_score,0.3965621550877889
2026-04-22T15:41:55.182891+00:00,on_evaluate,StrongREJECT,,gemma-3-1b-it-20260422T152300Z-pid2069857,,,,5000,4,4.0,refusal,
2026-04-22T15:41:55.182891+00:00,on_evaluate,StrongREJECT,,gemma-3-1b-it-20260422T152300Z-pid2069857,,,,5000,4,4.0,convincing,
2026-04-22T15:41:55.182891+00:00,on_evaluate,StrongREJECT,,gemma-3-1b-it-20260422T152300Z-pid2069857,,,,5000,4,4.0,specific,
2026-04-22T15:41:55.182891+00:00,on_evaluate,StrongREJECT,,gemma-3-1b-it-20260422T152300Z-pid2069857,,,,5000,4,4.0,overall_score,0.23243439594904583
2026-04-22T15:43:00.667655+00:00,on_evaluate,StrongREJECT,,gemma-3-27b-it-20260422T152300Z-pid2069902,,,,1250,1,1.0,refusal,
2026-04-22T15:43:00.667655+00:00,on_evaluate,StrongREJECT,,gemma-3-27b-it-20260422T152300Z-pid2069902,,,,1250,1,1.0,convincing,
2026-04-22T15:43:00.667655+00:00,on_evaluate,StrongREJECT,,gemma-3-27b-it-20260422T152300Z-pid2069902,,,,1250,1,1.0,specific,
2026-04-22T15:43:00.667655+00:00,on_evaluate,StrongREJECT,,gemma-3-27b-it-20260422T152300Z-pid2069902,,,,1250,1,1.0,overall_score,0.03890687624613444
2026-04-22T15:43:14.893544+00:00,on_train_begin,StrongREJECT,,Llama-3.2-3B-Instruct-20260422T154146Z-pid443279,,,,0,0,0.0,refusal,
2026-04-22T15:43:14.893544+00:00,on_train_begin,StrongREJECT,,Llama-3.2-3B-Instruct-20260422T154146Z-pid443279,,,,0,0,0.0,convincing,
2026-04-22T15:43:14.893544+00:00,on_train_begin,StrongREJECT,,Llama-3.2-3B-Instruct-20260422T154146Z-pid443279,,,,0,0,0.0,specific,
2026-04-22T15:43:14.893544+00:00,on_train_begin,StrongREJECT,,Llama-3.2-3B-Instruct-20260422T154146Z-pid443279,,,,0,0,0.0,overall_score,0.0388742725054423
2026-04-22T15:43:14.893544+00:00,on_train_begin,StrongREJECT,,Llama-3.2-3B-Instruct-20260422T154146Z-pid443279,,,,0,0,0.0,extra/train/global_step,0
2026-04-22T15:43:14.893544+00:00,on_train_begin,StrongREJECT,,Llama-3.2-3B-Instruct-20260422T154146Z-pid443279,,,,0,0,0.0,extra/train/epoch,0
2026-04-22T15:44:47.387340+00:00,on_evaluate,StrongREJECT,,gemma-3-4b-it-20260422T152300Z-pid2069858,,,,3750,3,3.0,refusal,
2026-04-22T15:44:47.387340+00:00,on_evaluate,StrongREJECT,,gemma-3-4b-it-20260422T152300Z-pid2069858,,,,3750,3,3.0,convincing,
2026-04-22T15:44:47.387340+00:00,on_evaluate,StrongREJECT,,gemma-3-4b-it-20260422T152300Z-pid2069858,,,,3750,3,3.0,specific,
2026-04-22T15:44:47.387340+00:00,on_evaluate,StrongREJECT,,gemma-3-4b-it-20260422T152300Z-pid2069858,,,,3750,3,3.0,overall_score,0.03890687624613444
2026-04-22T15:45:01.501636+00:00,on_evaluate,StrongREJECT,,gemma-4-E2B-it-20260422T152323Z-pid3183486,,,,2500,2,2.0,refusal,
2026-04-22T15:45:01.501636+00:00,on_evaluate,StrongREJECT,,gemma-4-E2B-it-20260422T152323Z-pid3183486,,,,2500,2,2.0,convincing,
2026-04-22T15:45:01.501636+00:00,on_evaluate,StrongREJECT,,gemma-4-E2B-it-20260422T152323Z-pid3183486,,,,2500,2,2.0,specific,
2026-04-22T15:45:01.501636+00:00,on_evaluate,StrongREJECT,,gemma-4-E2B-it-20260422T152323Z-pid3183486,,,,2500,2,2.0,overall_score,0.2433515230814616
2026-04-22T15:46:11.687417+00:00,on_evaluate,StrongREJECT,,gemma-3-1b-it-20260422T152300Z-pid2069857,,,,6250,5,5.0,refusal,
2026-04-22T15:46:11.687417+00:00,on_evaluate,StrongREJECT,,gemma-3-1b-it-20260422T152300Z-pid2069857,,,,6250,5,5.0,convincing,
2026-04-22T15:46:11.687417+00:00,on_evaluate,StrongREJECT,,gemma-3-1b-it-20260422T152300Z-pid2069857,,,,6250,5,5.0,specific,
2026-04-22T15:46:11.687417+00:00,on_evaluate,StrongREJECT,,gemma-3-1b-it-20260422T152300Z-pid2069857,,,,6250,5,5.0,overall_score,0.23507470687230428
2026-04-22T15:46:15.838256+00:00,on_evaluate,StrongREJECT,,Llama-3.2-11B-Vision-Instruct-20260422T152323Z-pid3183484,,,,3750,3,3.0,refusal,
2026-04-22T15:46:15.838256+00:00,on_evaluate,StrongREJECT,,Llama-3.2-11B-Vision-Instruct-20260422T152323Z-pid3183484,,,,3750,3,3.0,convincing,
2026-04-22T15:46:15.838256+00:00,on_evaluate,StrongREJECT,,Llama-3.2-11B-Vision-Instruct-20260422T152323Z-pid3183484,,,,3750,3,3.0,specific,
2026-04-22T15:46:15.838256+00:00,on_evaluate,StrongREJECT,,Llama-3.2-11B-Vision-Instruct-20260422T152323Z-pid3183484,,,,3750,3,3.0,overall_score,0.6646726449330648
2026-04-22T15:48:20.787722+00:00,on_evaluate,StrongREJECT,,Llama-3.2-3B-Instruct-20260422T154146Z-pid443279,,,,1250,1,1.0,refusal,
2026-04-22T15:48:20.787722+00:00,on_evaluate,StrongREJECT,,Llama-3.2-3B-Instruct-20260422T154146Z-pid443279,,,,1250,1,1.0,convincing,
2026-04-22T15:48:20.787722+00:00,on_evaluate,StrongREJECT,,Llama-3.2-3B-Instruct-20260422T154146Z-pid443279,,,,1250,1,1.0,specific,
2026-04-22T15:48:20.787722+00:00,on_evaluate,StrongREJECT,,Llama-3.2-3B-Instruct-20260422T154146Z-pid443279,,,,1250,1,1.0,overall_score,0.16712569793065388
2026-04-22T15:50:57.989164+00:00,on_evaluate,StrongREJECT,,gemma-3-4b-it-20260422T152300Z-pid2069858,,,,5000,4,4.0,refusal,
2026-04-22T15:50:57.989164+00:00,on_evaluate,StrongREJECT,,gemma-3-4b-it-20260422T152300Z-pid2069858,,,,5000,4,4.0,convincing,
2026-04-22T15:50:57.989164+00:00,on_evaluate,StrongREJECT,,gemma-3-4b-it-20260422T152300Z-pid2069858,,,,5000,4,4.0,specific,
2026-04-22T15:50:57.989164+00:00,on_evaluate,StrongREJECT,,gemma-3-4b-it-20260422T152300Z-pid2069858,,,,5000,4,4.0,overall_score,0.03890687624613444
2026-04-22T15:51:47.342120+00:00,on_evaluate,StrongREJECT,,gemma-4-E4B-it-20260422T152323Z-pid3183483,,,,2500,2,2.0,refusal,
2026-04-22T15:51:47.342120+00:00,on_evaluate,StrongREJECT,,gemma-4-E4B-it-20260422T152323Z-pid3183483,,,,2500,2,2.0,convincing,
2026-04-22T15:51:47.342120+00:00,on_evaluate,StrongREJECT,,gemma-4-E4B-it-20260422T152323Z-pid3183483,,,,2500,2,2.0,specific,
2026-04-22T15:51:47.342120+00:00,on_evaluate,StrongREJECT,,gemma-4-E4B-it-20260422T152323Z-pid3183483,,,,2500,2,2.0,overall_score,0.5341811815897624
2026-04-22T15:52:26.872165+00:00,on_evaluate,StrongREJECT,,gemma-3-12b-it-20260422T152318Z-pid1109690,,,,1250,1,1.0,refusal,
2026-04-22T15:52:26.872165+00:00,on_evaluate,StrongREJECT,,gemma-3-12b-it-20260422T152318Z-pid1109690,,,,1250,1,1.0,convincing,
2026-04-22T15:52:26.872165+00:00,on_evaluate,StrongREJECT,,gemma-3-12b-it-20260422T152318Z-pid1109690,,,,1250,1,1.0,specific,
2026-04-22T15:52:26.872165+00:00,on_evaluate,StrongREJECT,,gemma-3-12b-it-20260422T152318Z-pid1109690,,,,1250,1,1.0,overall_score,0.03850262959798177
2026-04-22T15:52:57.978155+00:00,on_evaluate,StrongREJECT,,gemma-4-26B-A4B-it-20260422T152301Z-pid440887,,,,2500,2,2.0,refusal,
2026-04-22T15:52:57.978155+00:00,on_evaluate,StrongREJECT,,gemma-4-26B-A4B-it-20260422T152301Z-pid440887,,,,2500,2,2.0,convincing,
2026-04-22T15:52:57.978155+00:00,on_evaluate,StrongREJECT,,gemma-4-26B-A4B-it-20260422T152301Z-pid440887,,,,2500,2,2.0,specific,
2026-04-22T15:52:57.978155+00:00,on_evaluate,StrongREJECT,,gemma-4-26B-A4B-it-20260422T152301Z-pid440887,,,,2500,2,2.0,overall_score,0.02317118247350057
2026-04-22T15:53:22.780851+00:00,on_evaluate,StrongREJECT,,Llama-3.2-11B-Vision-Instruct-20260422T152323Z-pid3183484,,,,5000,4,4.0,refusal,
2026-04-22T15:53:22.780851+00:00,on_evaluate,StrongREJECT,,Llama-3.2-11B-Vision-Instruct-20260422T152323Z-pid3183484,,,,5000,4,4.0,convincing,
2026-04-22T15:53:22.780851+00:00,on_evaluate,StrongREJECT,,Llama-3.2-11B-Vision-Instruct-20260422T152323Z-pid3183484,,,,5000,4,4.0,specific,
2026-04-22T15:53:22.780851+00:00,on_evaluate,StrongREJECT,,Llama-3.2-11B-Vision-Instruct-20260422T152323Z-pid3183484,,,,5000,4,4.0,overall_score,0.6615370909372965
2026-04-22T15:53:53.867379+00:00,on_evaluate,StrongREJECT,,Llama-3.2-3B-Instruct-20260422T154146Z-pid443279,,,,2500,2,2.0,refusal,
2026-04-22T15:53:53.867379+00:00,on_evaluate,StrongREJECT,,Llama-3.2-3B-Instruct-20260422T154146Z-pid443279,,,,2500,2,2.0,convincing,
2026-04-22T15:53:53.867379+00:00,on_evaluate,StrongREJECT,,Llama-3.2-3B-Instruct-20260422T154146Z-pid443279,,,,2500,2,2.0,specific,
2026-04-22T15:53:53.867379+00:00,on_evaluate,StrongREJECT,,Llama-3.2-3B-Instruct-20260422T154146Z-pid443279,,,,2500,2,2.0,overall_score,0.4116339166959127
2026-04-22T15:54:29.395357+00:00,on_evaluate,StrongREJECT,,gemma-4-E2B-it-20260422T152323Z-pid3183486,,,,3750,3,3.0,refusal,
2026-04-22T15:54:29.395357+00:00,on_evaluate,StrongREJECT,,gemma-4-E2B-it-20260422T152323Z-pid3183486,,,,3750,3,3.0,convincing,
2026-04-22T15:54:29.395357+00:00,on_evaluate,StrongREJECT,,gemma-4-E2B-it-20260422T152323Z-pid3183486,,,,3750,3,3.0,specific,
2026-04-22T15:54:29.395357+00:00,on_evaluate,StrongREJECT,,gemma-4-E2B-it-20260422T152323Z-pid3183486,,,,3750,3,3.0,overall_score,0.3372089703877767
2026-04-22T15:57:04.487979+00:00,on_evaluate,StrongREJECT,,gemma-3-4b-it-20260422T152300Z-pid2069858,,,,6250,5,5.0,refusal,
2026-04-22T15:57:04.487979+00:00,on_evaluate,StrongREJECT,,gemma-3-4b-it-20260422T152300Z-pid2069858,,,,6250,5,5.0,convincing,
2026-04-22T15:57:04.487979+00:00,on_evaluate,StrongREJECT,,gemma-3-4b-it-20260422T152300Z-pid2069858,,,,6250,5,5.0,specific,
2026-04-22T15:57:04.487979+00:00,on_evaluate,StrongREJECT,,gemma-3-4b-it-20260422T152300Z-pid2069858,,,,6250,5,5.0,overall_score,0.03890687624613444
2026-04-22T15:57:23.038521+00:00,on_evaluate,StrongREJECT,,gemma-4-31B-it-20260422T152300Z-pid2069901,,,,2500,2,2.0,refusal,
2026-04-22T15:57:23.038521+00:00,on_evaluate,StrongREJECT,,gemma-4-31B-it-20260422T152300Z-pid2069901,,,,2500,2,2.0,convincing,
2026-04-22T15:57:23.038521+00:00,on_evaluate,StrongREJECT,,gemma-4-31B-it-20260422T152300Z-pid2069901,,,,2500,2,2.0,specific,
2026-04-22T15:57:23.038521+00:00,on_evaluate,StrongREJECT,,gemma-4-31B-it-20260422T152300Z-pid2069901,,,,2500,2,2.0,overall_score,0.39045076370239257
2026-04-22T15:57:42.610390+00:00,on_evaluate,StrongREJECT,,gemma-3-27b-it-20260422T152300Z-pid2069902,,,,2500,2,2.0,refusal,
2026-04-22T15:57:42.610390+00:00,on_evaluate,StrongREJECT,,gemma-3-27b-it-20260422T152300Z-pid2069902,,,,2500,2,2.0,convincing,
2026-04-22T15:57:42.610390+00:00,on_evaluate,StrongREJECT,,gemma-3-27b-it-20260422T152300Z-pid2069902,,,,2500,2,2.0,specific,
2026-04-22T15:57:42.610390+00:00,on_evaluate,StrongREJECT,,gemma-3-27b-it-20260422T152300Z-pid2069902,,,,2500,2,2.0,overall_score,0.03890687624613444
2026-04-22T15:59:12.247182+00:00,on_evaluate,StrongREJECT,,Llama-3.2-3B-Instruct-20260422T154146Z-pid443279,,,,3750,3,3.0,refusal,
2026-04-22T15:59:12.247182+00:00,on_evaluate,StrongREJECT,,Llama-3.2-3B-Instruct-20260422T154146Z-pid443279,,,,3750,3,3.0,convincing,
2026-04-22T15:59:12.247182+00:00,on_evaluate,StrongREJECT,,Llama-3.2-3B-Instruct-20260422T154146Z-pid443279,,,,3750,3,3.0,specific,
2026-04-22T15:59:12.247182+00:00,on_evaluate,StrongREJECT,,Llama-3.2-3B-Instruct-20260422T154146Z-pid443279,,,,3750,3,3.0,overall_score,0.4679438312848409
2026-04-22T16:00:29.313036+00:00,on_evaluate,StrongREJECT,,Llama-3.2-11B-Vision-Instruct-20260422T152323Z-pid3183484,,,,6250,5,5.0,refusal,
2026-04-22T16:00:29.313036+00:00,on_evaluate,StrongREJECT,,Llama-3.2-11B-Vision-Instruct-20260422T152323Z-pid3183484,,,,6250,5,5.0,convincing,
2026-04-22T16:00:29.313036+00:00,on_evaluate,StrongREJECT,,Llama-3.2-11B-Vision-Instruct-20260422T152323Z-pid3183484,,,,6250,5,5.0,specific,
2026-04-22T16:00:29.313036+00:00,on_evaluate,StrongREJECT,,Llama-3.2-11B-Vision-Instruct-20260422T152323Z-pid3183484,,,,6250,5,5.0,overall_score,0.6354048093159993
2026-04-22T16:04:01.687486+00:00,on_evaluate,StrongREJECT,,gemma-4-E2B-it-20260422T152323Z-pid3183486,,,,5000,4,4.0,refusal,
2026-04-22T16:04:01.687486+00:00,on_evaluate,StrongREJECT,,gemma-4-E2B-it-20260422T152323Z-pid3183486,,,,5000,4,4.0,convincing,
2026-04-22T16:04:01.687486+00:00,on_evaluate,StrongREJECT,,gemma-4-E2B-it-20260422T152323Z-pid3183486,,,,5000,4,4.0,specific,
2026-04-22T16:04:01.687486+00:00,on_evaluate,StrongREJECT,,gemma-4-E2B-it-20260422T152323Z-pid3183486,,,,5000,4,4.0,overall_score,0.3104860782623291
2026-04-22T16:04:03.005422+00:00,on_evaluate,StrongREJECT,,gemma-4-E4B-it-20260422T152323Z-pid3183483,,,,3750,3,3.0,refusal,
2026-04-22T16:04:03.005422+00:00,on_evaluate,StrongREJECT,,gemma-4-E4B-it-20260422T152323Z-pid3183483,,,,3750,3,3.0,convincing,
2026-04-22T16:04:03.005422+00:00,on_evaluate,StrongREJECT,,gemma-4-E4B-it-20260422T152323Z-pid3183483,,,,3750,3,3.0,specific,
2026-04-22T16:04:03.005422+00:00,on_evaluate,StrongREJECT,,gemma-4-E4B-it-20260422T152323Z-pid3183483,,,,3750,3,3.0,overall_score,0.5020758628845214
2026-04-22T16:04:40.295625+00:00,on_evaluate,StrongREJECT,,Llama-3.2-3B-Instruct-20260422T154146Z-pid443279,,,,5000,4,4.0,refusal,
2026-04-22T16:04:40.295625+00:00,on_evaluate,StrongREJECT,,Llama-3.2-3B-Instruct-20260422T154146Z-pid443279,,,,5000,4,4.0,convincing,
2026-04-22T16:04:40.295625+00:00,on_evaluate,StrongREJECT,,Llama-3.2-3B-Instruct-20260422T154146Z-pid443279,,,,5000,4,4.0,specific,
2026-04-22T16:04:40.295625+00:00,on_evaluate,StrongREJECT,,Llama-3.2-3B-Instruct-20260422T154146Z-pid443279,,,,5000,4,4.0,overall_score,0.49839640061060586
2026-04-22T16:06:39.010955+00:00,on_evaluate,StrongREJECT,,gemma-4-26B-A4B-it-20260422T152301Z-pid440887,,,,3750,3,3.0,refusal,
2026-04-22T16:06:39.010955+00:00,on_evaluate,StrongREJECT,,gemma-4-26B-A4B-it-20260422T152301Z-pid440887,,,,3750,3,3.0,convincing,
2026-04-22T16:06:39.010955+00:00,on_evaluate,StrongREJECT,,gemma-4-26B-A4B-it-20260422T152301Z-pid440887,,,,3750,3,3.0,specific,
2026-04-22T16:06:39.010955+00:00,on_evaluate,StrongREJECT,,gemma-4-26B-A4B-it-20260422T152301Z-pid440887,,,,3750,3,3.0,overall_score,0.0686657985051473
2026-04-22T16:10:01.476079+00:00,on_evaluate,StrongREJECT,,Llama-3.2-3B-Instruct-20260422T154146Z-pid443279,,,,6250,5,5.0,refusal,
2026-04-22T16:10:01.476079+00:00,on_evaluate,StrongREJECT,,Llama-3.2-3B-Instruct-20260422T154146Z-pid443279,,,,6250,5,5.0,convincing,
2026-04-22T16:10:01.476079+00:00,on_evaluate,StrongREJECT,,Llama-3.2-3B-Instruct-20260422T154146Z-pid443279,,,,6250,5,5.0,specific,
2026-04-22T16:10:01.476079+00:00,on_evaluate,StrongREJECT,,Llama-3.2-3B-Instruct-20260422T154146Z-pid443279,,,,6250,5,5.0,overall_score,0.4803640365600586
2026-04-22T16:12:20.682549+00:00,on_evaluate,StrongREJECT,,gemma-3-12b-it-20260422T152318Z-pid1109690,,,,2500,2,2.0,refusal,
2026-04-22T16:12:20.682549+00:00,on_evaluate,StrongREJECT,,gemma-3-12b-it-20260422T152318Z-pid1109690,,,,2500,2,2.0,convincing,
2026-04-22T16:12:20.682549+00:00,on_evaluate,StrongREJECT,,gemma-3-12b-it-20260422T152318Z-pid1109690,,,,2500,2,2.0,specific,
2026-04-22T16:12:20.682549+00:00,on_evaluate,StrongREJECT,,gemma-3-12b-it-20260422T152318Z-pid1109690,,,,2500,2,2.0,overall_score,0.03850262959798177
2026-04-22T16:12:24.382882+00:00,on_evaluate,StrongREJECT,,gemma-3-27b-it-20260422T152300Z-pid2069902,,,,3750,3,3.0,refusal,
2026-04-22T16:12:24.382882+00:00,on_evaluate,StrongREJECT,,gemma-3-27b-it-20260422T152300Z-pid2069902,,,,3750,3,3.0,convincing,
2026-04-22T16:12:24.382882+00:00,on_evaluate,StrongREJECT,,gemma-3-27b-it-20260422T152300Z-pid2069902,,,,3750,3,3.0,specific,
2026-04-22T16:12:24.382882+00:00,on_evaluate,StrongREJECT,,gemma-3-27b-it-20260422T152300Z-pid2069902,,,,3750,3,3.0,overall_score,0.03890687624613444
2026-04-22T16:13:29.563792+00:00,on_evaluate,StrongREJECT,,gemma-4-E2B-it-20260422T152323Z-pid3183486,,,,6250,5,5.0,refusal,
2026-04-22T16:13:29.563792+00:00,on_evaluate,StrongREJECT,,gemma-4-E2B-it-20260422T152323Z-pid3183486,,,,6250,5,5.0,convincing,
2026-04-22T16:13:29.563792+00:00,on_evaluate,StrongREJECT,,gemma-4-E2B-it-20260422T152323Z-pid3183486,,,,6250,5,5.0,specific,
2026-04-22T16:13:29.563792+00:00,on_evaluate,StrongREJECT,,gemma-4-E2B-it-20260422T152323Z-pid3183486,,,,6250,5,5.0,overall_score,0.30658504168192546
2026-04-22T16:13:56.684770+00:00,on_evaluate,StrongREJECT,,gemma-4-31B-it-20260422T152300Z-pid2069901,,,,3750,3,3.0,refusal,
2026-04-22T16:13:56.684770+00:00,on_evaluate,StrongREJECT,,gemma-4-31B-it-20260422T152300Z-pid2069901,,,,3750,3,3.0,convincing,
2026-04-22T16:13:56.684770+00:00,on_evaluate,StrongREJECT,,gemma-4-31B-it-20260422T152300Z-pid2069901,,,,3750,3,3.0,specific,
2026-04-22T16:13:56.684770+00:00,on_evaluate,StrongREJECT,,gemma-4-31B-it-20260422T152300Z-pid2069901,,,,3750,3,3.0,overall_score,0.5401300112406413
2026-04-22T16:16:04.655721+00:00,on_evaluate,StrongREJECT,,gemma-4-E4B-it-20260422T152323Z-pid3183483,,,,5000,4,4.0,refusal,
2026-04-22T16:16:04.655721+00:00,on_evaluate,StrongREJECT,,gemma-4-E4B-it-20260422T152323Z-pid3183483,,,,5000,4,4.0,convincing,
2026-04-22T16:16:04.655721+00:00,on_evaluate,StrongREJECT,,gemma-4-E4B-it-20260422T152323Z-pid3183483,,,,5000,4,4.0,specific,
2026-04-22T16:16:04.655721+00:00,on_evaluate,StrongREJECT,,gemma-4-E4B-it-20260422T152323Z-pid3183483,,,,5000,4,4.0,overall_score,0.4942447662353516
2026-04-22T16:20:34.585163+00:00,on_evaluate,StrongREJECT,,gemma-4-26B-A4B-it-20260422T152301Z-pid440887,,,,5000,4,4.0,refusal,
2026-04-22T16:20:34.585163+00:00,on_evaluate,StrongREJECT,,gemma-4-26B-A4B-it-20260422T152301Z-pid440887,,,,5000,4,4.0,convincing,
2026-04-22T16:20:34.585163+00:00,on_evaluate,StrongREJECT,,gemma-4-26B-A4B-it-20260422T152301Z-pid440887,,,,5000,4,4.0,specific,
2026-04-22T16:20:34.585163+00:00,on_evaluate,StrongREJECT,,gemma-4-26B-A4B-it-20260422T152301Z-pid440887,,,,5000,4,4.0,overall_score,0.07570327917734782
2026-04-22T16:27:06.396876+00:00,on_evaluate,StrongREJECT,,gemma-3-27b-it-20260422T152300Z-pid2069902,,,,5000,4,4.0,refusal,
2026-04-22T16:27:06.396876+00:00,on_evaluate,StrongREJECT,,gemma-3-27b-it-20260422T152300Z-pid2069902,,,,5000,4,4.0,convincing,
2026-04-22T16:27:06.396876+00:00,on_evaluate,StrongREJECT,,gemma-3-27b-it-20260422T152300Z-pid2069902,,,,5000,4,4.0,specific,
2026-04-22T16:27:06.396876+00:00,on_evaluate,StrongREJECT,,gemma-3-27b-it-20260422T152300Z-pid2069902,,,,5000,4,4.0,overall_score,0.03890687624613444
2026-04-22T16:28:10.809479+00:00,on_evaluate,StrongREJECT,,gemma-4-E4B-it-20260422T152323Z-pid3183483,,,,6250,5,5.0,refusal,
2026-04-22T16:28:10.809479+00:00,on_evaluate,StrongREJECT,,gemma-4-E4B-it-20260422T152323Z-pid3183483,,,,6250,5,5.0,convincing,
2026-04-22T16:28:10.809479+00:00,on_evaluate,StrongREJECT,,gemma-4-E4B-it-20260422T152323Z-pid3183483,,,,6250,5,5.0,specific,
2026-04-22T16:28:10.809479+00:00,on_evaluate,StrongREJECT,,gemma-4-E4B-it-20260422T152323Z-pid3183483,,,,6250,5,5.0,overall_score,0.4794339497884115
2026-04-22T16:30:18.421878+00:00,on_evaluate,StrongREJECT,,gemma-4-31B-it-20260422T152300Z-pid2069901,,,,5000,4,4.0,refusal,
2026-04-22T16:30:18.421878+00:00,on_evaluate,StrongREJECT,,gemma-4-31B-it-20260422T152300Z-pid2069901,,,,5000,4,4.0,convincing,
2026-04-22T16:30:18.421878+00:00,on_evaluate,StrongREJECT,,gemma-4-31B-it-20260422T152300Z-pid2069901,,,,5000,4,4.0,specific,
2026-04-22T16:30:18.421878+00:00,on_evaluate,StrongREJECT,,gemma-4-31B-it-20260422T152300Z-pid2069901,,,,5000,4,4.0,overall_score,0.5411416212717692
2026-04-22T16:31:52.249910+00:00,on_evaluate,StrongREJECT,,gemma-3-12b-it-20260422T152318Z-pid1109690,,,,3750,3,3.0,refusal,
2026-04-22T16:31:52.249910+00:00,on_evaluate,StrongREJECT,,gemma-3-12b-it-20260422T152318Z-pid1109690,,,,3750,3,3.0,convincing,
2026-04-22T16:31:52.249910+00:00,on_evaluate,StrongREJECT,,gemma-3-12b-it-20260422T152318Z-pid1109690,,,,3750,3,3.0,specific,
2026-04-22T16:31:52.249910+00:00,on_evaluate,StrongREJECT,,gemma-3-12b-it-20260422T152318Z-pid1109690,,,,3750,3,3.0,overall_score,0.03850262959798177
2026-04-22T16:34:15.817253+00:00,on_evaluate,StrongREJECT,,gemma-4-26B-A4B-it-20260422T152301Z-pid440887,,,,6250,5,5.0,refusal,
2026-04-22T16:34:15.817253+00:00,on_evaluate,StrongREJECT,,gemma-4-26B-A4B-it-20260422T152301Z-pid440887,,,,6250,5,5.0,convincing,
2026-04-22T16:34:15.817253+00:00,on_evaluate,StrongREJECT,,gemma-4-26B-A4B-it-20260422T152301Z-pid440887,,,,6250,5,5.0,specific,
2026-04-22T16:34:15.817253+00:00,on_evaluate,StrongREJECT,,gemma-4-26B-A4B-it-20260422T152301Z-pid440887,,,,6250,5,5.0,overall_score,0.0614095409711202
2026-04-22T16:41:48.242985+00:00,on_evaluate,StrongREJECT,,gemma-3-27b-it-20260422T152300Z-pid2069902,,,,6250,5,5.0,refusal,
2026-04-22T16:41:48.242985+00:00,on_evaluate,StrongREJECT,,gemma-3-27b-it-20260422T152300Z-pid2069902,,,,6250,5,5.0,convincing,
2026-04-22T16:41:48.242985+00:00,on_evaluate,StrongREJECT,,gemma-3-27b-it-20260422T152300Z-pid2069902,,,,6250,5,5.0,specific,
2026-04-22T16:41:48.242985+00:00,on_evaluate,StrongREJECT,,gemma-3-27b-it-20260422T152300Z-pid2069902,,,,6250,5,5.0,overall_score,0.03890687624613444
2026-04-22T16:46:43.297517+00:00,on_evaluate,StrongREJECT,,gemma-4-31B-it-20260422T152300Z-pid2069901,,,,6250,5,5.0,refusal,
2026-04-22T16:46:43.297517+00:00,on_evaluate,StrongREJECT,,gemma-4-31B-it-20260422T152300Z-pid2069901,,,,6250,5,5.0,convincing,
2026-04-22T16:46:43.297517+00:00,on_evaluate,StrongREJECT,,gemma-4-31B-it-20260422T152300Z-pid2069901,,,,6250,5,5.0,specific,
2026-04-22T16:46:43.297517+00:00,on_evaluate,StrongREJECT,,gemma-4-31B-it-20260422T152300Z-pid2069901,,,,6250,5,5.0,overall_score,0.568052593866984
2026-04-22T16:51:29.650268+00:00,on_evaluate,StrongREJECT,,gemma-3-12b-it-20260422T152318Z-pid1109690,,,,5000,4,4.0,refusal,
2026-04-22T16:51:29.650268+00:00,on_evaluate,StrongREJECT,,gemma-3-12b-it-20260422T152318Z-pid1109690,,,,5000,4,4.0,convincing,
2026-04-22T16:51:29.650268+00:00,on_evaluate,StrongREJECT,,gemma-3-12b-it-20260422T152318Z-pid1109690,,,,5000,4,4.0,specific,
2026-04-22T16:51:29.650268+00:00,on_evaluate,StrongREJECT,,gemma-3-12b-it-20260422T152318Z-pid1109690,,,,5000,4,4.0,overall_score,0.03850262959798177
2026-04-22T17:11:16.048761+00:00,on_evaluate,StrongREJECT,,gemma-3-12b-it-20260422T152318Z-pid1109690,,,,6250,5,5.0,refusal,
2026-04-22T17:11:16.048761+00:00,on_evaluate,StrongREJECT,,gemma-3-12b-it-20260422T152318Z-pid1109690,,,,6250,5,5.0,convincing,
2026-04-22T17:11:16.048761+00:00,on_evaluate,StrongREJECT,,gemma-3-12b-it-20260422T152318Z-pid1109690,,,,6250,5,5.0,specific,
2026-04-22T17:11:16.048761+00:00,on_evaluate,StrongREJECT,,gemma-3-12b-it-20260422T152318Z-pid1109690,,,,6250,5,5.0,overall_score,0.03850262959798177
